Date,Market_Index,Daily_Return
2018-05-08,93691.2,
2018-05-11,93891.1,0.002133604863637339
2018-05-12,94165.8,0.00292572991476292
2018-05-13,94703.5,0.005710141049085626
2018-05-14,94905.9,0.0021371966189212
2018-05-15,94940.2,0.0003614106183071897
2018-05-18,95103.1,0.001715816903693046
2018-05-19,95136.5,0.0003511978053289955
2018-05-20,95227.5,0.0009565203681025647
2018-05-21,95229.9,2.520280381190787e-05
2018-05-22,95445.1,0.002259794455313102
2018-05-25,95794.0,0.003655504578024438
2018-05-26,95626.0,-0.001753763283713017
2018-05-27,95529.6,-0.001008094033003504
2018-05-28,95409.6,-0.001256155160285433
2018-05-29,95577.7,0.001761877211517326
2018-06-01,95951.9,0.003915139200880491
2018-06-02,95998.9,0.0004898287579506722
2018-06-08,96077.1,0.0008145926672078474
2018-06-09,95916.0,-0.001676778337397877
2018-06-10,95847.5,-0.0007141665624087468
2018-06-11,96378.7,0.005542137249276102
2018-06-12,99146.3,0.02871588846913276
2018-06-16,102452.4,0.03334567200187988
2018-06-18,106504.1,0.0395471457964871
2018-06-19,108872.9,0.02224139727954122
2018-06-22,109401.4,0.004854284215815019
2018-06-23,112061.3,0.02431321719831736
2018-06-24,115174.5,0.02778122331259758
2018-06-25,113527.7,-0.01429830387802855
2018-06-26,111324.8,-0.01940407495263263
2018-06-29,111510.8,0.00167078674293597
2018-07-03,112490.0,0.0087812122233899
2018-07-06,111051.0,-0.01279224819984004
2018-07-07,110851.0,-0.001800974327111016
2018-07-09,110848.0,-2.706335531477144e-05
2018-07-10,109505.0,-0.01211568995381063
2018-07-13,108916.0,-0.005378749828774954
2018-07-14,108072.0,-0.007749091042638323
2018-07-15,108109.0,0.0003423643496927031
2018-07-16,107780.0,-0.003043224893394592
2018-07-17,107776.0,-3.711263685279853e-05
2018-07-20,108295.0,0.004815543349168561
2018-07-21,108830.0,0.004940209612632085
2018-07-22,108658.0,-0.001580446568041904
2018-07-23,108395.0,-0.002420438439875605
2018-07-24,108800.0,0.003736334701785138
2018-07-27,111877.0,0.02828125000000004
2018-07-28,113852.0,0.01765331569491502
2018-07-29,116759.0,0.02553314829779008
2018-07-30,121173.0,0.03780436625870376
2018-07-31,123951.0,0.02292589933401001
2018-08-03,124353.0,0.003243217077716132
2018-08-04,128448.0,0.03293044799884193
2018-08-05,133328.0,0.0379920279023418
2018-08-06,133584.0,0.001920076803072046
2018-08-07,131521.0,-0.01544346628338722
2018-08-10,129013.0,-0.01906919807483221
2018-08-11,129901.0,0.006883027291823218
2018-08-12,128522.0,-0.0106157766298951
2018-08-13,130927.0,0.01871274956816738
2018-08-14,130476.0,-0.003444667639218801
2018-08-17,131535.0,0.008116435206474648
2018-08-18,134354.0,0.02143155814041897
2018-08-19,137072.0,0.02023013829137943
2018-08-20,136910.0,-0.001181860627991083
2018-08-24,136343.0,-0.004141406763567335
2018-08-25,138582.0,0.01642181850186653
2018-08-26,140309.0,0.01246193589355049
2018-08-27,136765.0,-0.02525853651583287
2018-08-28,137472.0,0.005169451248491885
2018-08-31,136109.0,-0.00991474627560518
2018-09-01,133676.0,-0.01787537929159722
2018-09-02,135257.0,0.01182710434184142
2018-09-03,137983.0,0.0201542249199671
2018-09-04,137714.0,-0.001949515520027867
2018-09-07,139628.0,0.0138983690837533
2018-09-08,142234.0,0.01866387830521088
2018-09-09,146998.0,0.03349410126973851
2018-09-10,148577.0,0.01074164274343858
2018-09-11,155061.0,0.04364067116713888
2018-09-14,158119.0,0.01972127098367737
2018-09-15,155710.0,-0.01523536070933917
2018-09-16,158071.0,0.01516280264594427
2018-09-17,157328.0,-0.00470041943177435
2018-09-21,160538.0,0.02040323400793254
2018-09-22,165072.0,0.02824253447781833
2018-09-23,168624.0,0.02151788310555403
2018-09-24,174618.0,0.03554654141759173
2018-09-25,180635.0,0.03445807419624547
2018-09-28,187406.0,0.0374844299277548
2018-09-29,195104.0,0.04107659306532341
2018-09-30,195480.0,0.001927177300311556
2018-10-01,188259.0,-0.03693984039287912
2018-10-02,185559.0,-0.01434194381145126
2018-10-05,184085.0,-0.007943565119449825
2018-10-06,176419.0,-0.04164380585055816
2018-10-07,175185.0,-0.006994711453981672
2018-10-08,180847.0,0.03232011873162666
2018-10-09,181015.0,0.0009289620507944019
2018-10-12,175033.0,-0.03304698505648707
2018-10-13,174826.0,-0.00118263413184938
2018-10-14,180601.0,0.03303284408497587
2018-10-15,182834.0,0.01236427262307527
2018-10-16,182929.0,0.0005195970114968418
2018-10-19,188575.0,0.03086443374205294
2018-10-20,189438.0,0.004576428476733341
2018-10-21,187778.0,-0.008762761431180599
2018-10-22,185318.0,-0.01310057621233585
2018-10-23,181060.0,-0.0229767210956302
2018-10-26,178841.0,-0.01225560587650498
2018-10-27,180626.0,0.009980932783869578
2018-10-28,183219.0,0.01435562986502492
2018-10-30,183367.0,0.0008077764860632275
2018-11-02,183448.0,0.0004417370628302386
2018-11-03,182918.0,-0.002889102088875273
2018-11-04,184159.0,0.00678446079664119
2018-11-05,185100.0,0.005109714974560031
2018-11-09,184231.0,-0.004694759589411124
2018-11-10,180668.0,-0.0193398505137572
2018-11-11,182211.0,0.008540527376181828
2018-11-12,183212.0,0.005493631010202504
2018-11-13,181994.0,-0.006648036154837
2018-11-16,178819.0,-0.01744563007571676
2018-11-17,173557.0,-0.02942640323455559
2018-11-18,175816.0,0.01301589679471293
2018-11-19,176458.0,0.003651544796833051
2018-11-20,175713.0,-0.004221967833705431
2018-11-23,171252.0,-0.02538799064383401
2018-11-25,166463.0,-0.02796463690934992
2018-11-26,167199.0,0.004421402954410292
2018-11-27,163772.0,-0.02049653407017982
2018-11-30,159853.0,-0.02392960945705003
2018-12-01,163138.0,0.02055013043233478
2018-12-02,166304.0,0.01940688251664224
2018-12-03,165701.0,-0.003625889936501814
2018-12-04,166860.0,0.006994526285297065
2018-12-07,167083.0,0.001336449718326804
2018-12-08,166891.0,-0.001149129474572463
2018-12-09,166915.0,0.0001438064365364422
2018-12-10,166235.0,-0.004073929844531698
2018-12-11,165352.0,-0.005311757451800125
2018-12-14,164485.0,-0.005243359620688004
2018-12-15,161708.0,-0.01688299844970664
2018-12-16,159749.0,-0.01211442847601851
2018-12-17,159146.0,-0.003774671515940686
2018-12-18,156083.0,-0.01924647807673452
2018-12-21,154550.0,-0.009821697430213439
2018-12-22,156693.0,0.01386606276285995
2018-12-23,157484.0,0.005048087661861045
2018-12-24,156950.0,-0.003390820654796678
2018-12-25,158443.0,0.00951258362535845
2018-12-28,160774.0,0.01471191532601623
2018-12-29,161309.0,0.003327652481122545
2018-12-30,161405.0,0.0005951310838205881
2018-12-31,161840.0,0.002695083795421382
2019-01-01,160898.0,-0.005820563519525424
2019-01-04,161107.0,0.001298959589304927
2019-01-05,161275.0,0.001042785229692145
2019-01-06,162323.0,0.006498217330646483
2019-01-07,163967.0,0.01012795475687356
2019-01-08,164829.0,0.00525715540322147
2019-01-11,164929.0,0.0006066893568485998
2019-01-12,164493.0,-0.002643561775066861
2019-01-13,164696.0,0.001234095067875307
2019-01-14,165445.0,0.004547772866372091
2019-01-15,165595.0,0.000906645713076859
2019-01-18,166131.0,0.003236812705697645
2019-01-19,165575.0,-0.003346756475311685
2019-01-20,161922.0,-0.0220625094368111
2019-01-21,162805.0,0.005453242919430279
2019-01-22,162940.0,0.0008292128620128736
2019-01-25,162477.0,-0.002841536761998276
2019-01-26,160797.0,-0.01033992503554348
2019-01-27,159818.0,-0.006088422047675013
2019-01-28,160153.0,0.002096134352826295
2019-01-29,160294.0,0.0008804081097451011
2019-02-01,159856.0,-0.002732479069709415
2019-02-02,157355.0,-0.0156453307977179
2019-02-03,158043.0,0.004372279241206201
2019-02-04,158394.0,0.002220914561227083
2019-02-05,158535.0,0.0008901852342890759
2019-02-09,158468.0,-0.0004226196108114699
2019-02-11,157973.0,-0.003123659035262683
2019-02-12,157310.0,-0.004196919726788706
2019-02-15,157113.0,-0.001252304367173052
2019-02-16,156154.0,-0.006103887011259412
2019-02-17,156705.0,0.00352856795214973
2019-02-18,157387.0,0.004352126607319429
2019-02-19,159489.0,0.01335561386899808
2019-02-22,164267.0,0.02995817893397046
2019-02-23,166030.0,0.01073252692263216
2019-02-24,166793.0,0.004595555020177056
2019-02-25,164712.0,-0.01247654278057231
2019-02-26,165295.0,0.003539511389576866
2019-03-01,164370.0,-0.005596055537070099
2019-03-02,164442.0,0.0004380361379814346
2019-03-03,164238.0,-0.001240558981282169
2019-03-04,162593.0,-0.01001595245923603
2019-03-05,162827.0,0.00143917634830526
2019-03-08,163007.0,0.001105467766402413
2019-03-09,164470.0,0.008975074690043883
2019-03-10,167371.0,0.01763847510184235
2019-03-11,167909.0,0.003214415878497467
2019-03-12,169115.0,0.007182461928782802
2019-03-15,171124.0,0.01187949028767399
2019-03-16,172522.0,0.008169514504102304
2019-03-17,175898.0,0.01956851879760269
2019-03-18,178659.0,0.01569659689138025
2019-03-24,179194.0,0.002994531481761431
2019-03-25,179766.0,0.003192071163097054
2019-03-26,181542.0,0.00987951002970533
2019-03-29,185358.0,0.02101992927256502
2019-03-30,185281.0,-0.0004154123372068774
2019-04-05,186535.0,0.00676809818599855
2019-04-06,188073.0,0.008245101455490955
2019-04-07,188592.0,0.002759566763969268
2019-04-08,190425.0,0.009719394247900137
2019-04-09,193978.0,0.01865826440855978
2019-04-12,195202.0,0.006309993916835843
2019-04-13,196084.0,0.004518396327906515
2019-04-14,201805.0,0.02917627139389234
2019-04-15,201890.0,0.0004211986818958291
2019-04-16,199911.0,-0.009802367625934894
2019-04-19,204375.0,0.02232993682188567
2019-04-21,204322.0,-0.0002593272171254046
2019-04-22,202857.0,-0.007170055109092521
2019-04-23,203776.0,0.004530284880482238
2019-04-26,205287.0,0.007415004711055273
2019-04-27,209243.0,0.01927058216058497
2019-04-28,214867.0,0.02687784059681797
2019-04-29,216641.0,0.008256270157818602
2019-04-30,220108.0,0.01600343425298068
2019-05-03,224589.0,0.0203581877987169
2019-05-04,224057.0,-0.002368771400202196
2019-05-05,215820.0,-0.03676296656654332
2019-05-06,208197.0,-0.03532110091743124
2019-05-07,211344.0,0.01511549157768854
2019-05-10,209154.0,-0.01036225300931182
2019-05-11,204069.0,-0.02431222926647347
2019-05-12,207751.0,0.01804291685655346
2019-05-13,211746.0,0.01922975099999524
2019-05-14,211017.0,-0.003442804114363485
2019-05-17,212747.0,0.008198391598781107
2019-05-18,212851.0,0.000488843555960905
2019-05-19,211871.0,-0.004604159717360945
2019-05-20,215091.0,0.01519792704051048
2019-05-21,215168.0,0.0003579880143753655
2019-05-24,214314.0,-0.003968991671624011
2019-05-25,217573.0,0.01520665938762744
2019-05-27,223253.0,0.02610618045437629
2019-05-28,224476.0,0.005478089880091241
2019-05-31,222387.0,-0.00930611735775766
2019-06-01,224544.0,0.009699307963145332
2019-06-02,226983.0,0.01086201368106021
2019-06-07,226888.0,-0.0004185335465651807
2019-06-08,229808.0,0.01286978597369637
2019-06-09,230267.0,0.001997319501496841
2019-06-10,230617.0,0.001519974638137356
2019-06-11,233352.0,0.01185948997688802
2019-06-14,234167.0,0.003492577736638136
2019-06-15,238220.0,0.01730816041542993
2019-06-16,238160.0,-0.0002518680211569535
2019-06-17,237148.0,-0.004249244205576042
2019-06-18,234879.0,-0.009567864793293634
2019-06-21,233886.0,-0.004227708735136004
2019-06-22,237459.0,0.01527667325107096
2019-06-23,242568.0,0.02151529316639933
2019-06-24,245098.0,0.01043006497147192
2019-06-25,248577.0,0.01419432227109163
2019-06-29,248533.0,-0.0001770075268427984
2019-06-30,247122.0,-0.005677314481376761
2019-07-01,248275.0,0.004665711672777073
2019-07-02,248943.0,0.002690564897794845
2019-07-05,245445.0,-0.01405140935876892
2019-07-06,246447.0,0.004082380981482503
2019-07-07,249252.0,0.01138175753813186
2019-07-08,248716.0,-0.00215043409882365
2019-07-09,249622.0,0.003642708953183638
2019-07-12,250605.0,0.003937954186730375
2019-07-13,253577.0,0.01185930049280737
2019-07-14,253303.0,-0.001080539638847355
2019-07-15,246268.0,-0.02777306230088072
2019-07-16,246790.0,0.002119642016015
2019-07-19,246437.0,-0.001430365898132058
2019-07-20,249661.0,0.01308245109297701
2019-07-21,253056.0,0.01359843948394013
2019-07-22,251278.0,-0.007026112797167472
2019-07-23,252864.0,0.006311734413677383
2019-07-26,252275.0,-0.002329315363199136
2019-07-27,252324.0,0.0001942324843919874
2019-07-28,252488.0,0.0006499579905201447
2019-07-29,252898.0,0.00162383954881018
2019-07-30,254445.0,0.006117090684782056
2019-08-02,254453.0,3.144097938645452e-05
2019-08-03,255530.0,0.0042326087725435
2019-08-04,256698.0,0.004570891871795935
2019-08-05,255511.0,-0.004624110822834648
2019-08-06,255163.0,-0.001361976588092118
2019-08-09,255306.0,0.0005604260805838202
2019-08-10,255876.0,0.002232614979671421
2019-08-12,257097.0,0.004771842611264843
2019-08-13,261391.0,0.01670186738857327
2019-08-16,261405.0,5.355960993291831e-05
2019-08-17,260991.0,-0.001583749354449937
2019-08-18,262941.0,0.007471522006506026
2019-08-20,266127.0,0.0121167866555616
2019-08-23,269986.0,0.0145005955803057
2019-08-24,269225.0,-0.002818664671501492
2019-08-25,274871.0,0.02097130652799706
2019-08-26,278469.0,0.01308977665886912
2019-08-27,278674.0,0.0007361681192521452
2019-08-30,284139.0,0.01961072794735075
2019-08-31,286114.0,0.006950823364620939
2019-09-01,283062.0,-0.01066707675961331
2019-09-02,285573.0,0.00887084808275218
2019-09-03,290178.0,0.01612547404691611
2019-09-06,294601.0,0.01524236847727956
2019-09-07,296731.0,0.007230118024039278
2019-09-10,299930.0,0.01078080820675975
2019-09-13,304460.0,0.01510352415563632
2019-09-14,302395.0,-0.006782500164225214
2019-09-15,305917.0,0.01164701797318068
2019-09-16,302082.0,-0.01253608004785611
2019-09-17,294166.0,-0.02620480531776137
2019-09-20,297712.0,0.01205441825363907
2019-09-21,302103.0,0.01474915354436512
2019-09-22,311471.0,0.03100929153302023
2019-09-23,312206.0,0.00235977025148415
2019-09-24,314409.0,0.007056238509189461
2019-09-27,320023.0,0.0178557229595846
2019-09-28,318250.0,-0.005540226796199033
2019-09-29,324705.0,0.02028279654359788
2019-09-30,326098.0,0.004290047889622839
2019-10-01,326117.0,5.826469343572782e-05
2019-10-04,327305.0,0.003642864370762666
2019-10-05,320208.0,-0.02168313957929147
2019-10-06,320909.0,0.002189202018687775
2019-10-07,314469.0,-0.02006799435353945
2019-10-08,313049.0,-0.004515548432436955
2019-10-11,322059.0,0.02878143677187905
2019-10-12,326190.0,0.01282684228666175
2019-10-13,319871.0,-0.0193721450688249
2019-10-14,308978.0,-0.03405435316111805
2019-10-15,309640.0,0.002142547365831859
2019-10-19,301391.0,-0.0266406149076347
2019-10-20,302173.0,0.002594636203469891
2019-10-21,308314.0,0.02032279521995672
2019-10-22,305807.0,-0.008131320666593167
2019-10-25,303453.0,-0.00769766552106399
2019-10-26,303449.0,-1.318161296803844e-05
2019-10-27,305969.0,0.008304525636927407
2019-10-29,309661.0,0.01206658190862475
2019-11-01,308730.0,-0.003006513574521863
2019-11-02,308960.0,0.000744987529556651
2019-11-03,304676.0,-0.01386587260486793
2019-11-04,305333.0,0.002156389082172527
2019-11-08,305858.0,0.001719434191522096
2019-11-09,302795.0,-0.0100144511505339
2019-11-10,303944.0,0.003794646543040736
2019-11-11,306655.0,0.00891940620640641
2019-11-12,307094.0,0.001431576201268436
2019-11-15,306885.0,-0.0006805733749275511
2019-11-16,302340.0,-0.01481010802091987
2019-11-17,302726.0,0.001276708341602095
2019-11-18,304688.0,0.006481108328983964
2019-11-19,304997.0,0.001014152181904038
2019-11-22,305622.0,0.002049200483939195
2019-11-23,305774.0,0.000497346395220255
2019-11-24,308477.0,0.008839862120389563
2019-11-25,309643.0,0.003779860410986879
2019-11-26,311230.0,0.005125257150977003
2019-11-29,314587.0,0.01078623526009714
2019-11-30,318670.0,0.01297892157018565
2019-12-01,320194.0,0.004782376753381223
2019-12-02,320814.0,0.001936326102300434
2019-12-03,322527.0,0.005339542538667308
2019-12-06,327624.0,0.01580332809346197
2019-12-07,332567.0,0.01508741728322716
2019-12-08,335792.0,0.009697294079087815
2019-12-09,339434.0,0.01084599990470281
2019-12-10,339386.0,-0.0001414118797763431
2019-12-13,343291.0,0.0115060727313443
2019-12-14,344115.0,0.002400295958822074
2019-12-15,344487.0,0.001081033956671362
2019-12-16,346870.0,0.006917532446797603
2019-12-17,350322.0,0.009951855161876244
2019-12-20,353996.0,0.01048749436232943
2019-12-21,356721.0,0.007697827094091503
2019-12-22,359365.0,0.007411955001247472
2019-12-23,362259.0,0.00805309365130169
2019-12-24,361088.0,-0.003232493878688958
2019-12-27,367632.0,0.01812300602623185
2019-12-28,369729.0,0.005704073638856277
2019-12-29,375547.0,0.01573584977104847
2019-12-30,377012.0,0.003900976442362758
2019-12-31,384099.0,0.01879781014927917
2020-01-03,367334.0,-0.04364760126946443
2020-01-04,365815.0,-0.004135201206531436
2020-01-06,358843.0,-0.01905881388133346
2020-01-07,353807.0,-0.01403399258171401
2020-01-10,359807.0,0.01695839822275991
2020-01-11,375650.0,0.04403193934526017
2020-01-12,392038.0,0.04362571542659399
2020-01-13,395912.0,0.009881695141797486
2020-01-14,399445.0,0.008923700216209696
2020-01-17,409962.0,0.02632903153124966
2020-01-18,410694.0,0.00178553134192927
2020-01-19,409807.0,-0.002159758847219639
2020-01-20,406008.0,-0.00927021744382106
2020-01-21,411211.0,0.01281501842328225
2020-01-24,417001.0,0.01408036263621359
2020-01-25,418312.0,0.003143877352812074
2020-01-26,420668.0,0.005632159727667396
2020-01-27,427139.0,0.01538267707550856
2020-01-31,426184.0,-0.002235806142731001
2020-02-01,428216.0,0.004767893679725299
2020-02-02,438880.0,0.02490331981990401
2020-02-03,440199.0,0.003005377324097669
2020-02-04,445894.0,0.01293733061638025
2020-02-07,452842.0,0.01558217872409129
2020-02-08,454618.0,0.003921897703834887
2020-02-09,447151.0,-0.01642477860533453
2020-02-11,459079.0,0.02667555255383536
2020-02-14,461988.0,0.006336600018733263
2020-02-15,472749.0,0.02329281280033246
2020-02-16,476812.0,0.008594412679878705
2020-02-17,472119.0,-0.00984245362952274
2020-02-18,478754.0,0.0140536602000767
2020-02-19,478755.0,2.088755394202835e-06
2020-02-21,480875.0,0.004428152186400247
2020-02-22,498856.0,0.03739225370418509
2020-02-23,503306.0,0.00892040989784637
2020-02-24,517911.0,0.02901813211048543
2020-02-25,524394.0,0.01251759472187297
2020-02-26,523850.0,-0.001037387918244703
2020-02-28,505676.0,-0.03469313734847757
2020-02-29,515452.0,0.0193325370395272
2020-03-01,529170.0,0.02661353530493615
2020-03-02,543926.0,0.0278851786760399
2020-03-03,555165.0,0.02066273721057654
2020-03-04,555167.0,3.602532580471163e-06
2020-03-06,549185.0,-0.01077513613020942
2020-03-08,535684.0,-0.02458370130283971
2020-03-09,520059.0,-0.02916831564877798
2020-03-10,520210.0,0.0002903516716372678
2020-03-11,520211.0,1.922300609358274e-06
2020-03-13,502694.0,-0.03367287504493366
2020-03-14,494479.0,-0.01634194957568624
2020-03-15,505943.0,0.02318399770263246
2020-03-16,502077.0,-0.007641176970528352
2020-03-17,512903.0,0.0215624296671626
2020-03-18,512900.0,-5.849059178886229e-06
2020-03-23,508879.0,-0.007839734841099677
2020-03-24,520108.0,0.02206614932036888
2020-03-25,521267.0,0.002228383335768802
2020-03-27,532522.0,0.0215916219518979
2020-03-28,545661.0,0.02467315904319456
2020-03-29,547658.0,0.00365978143939194
2020-04-03,567531.59,0.03628832227411993
2020-04-04,573903.18,0.01122684642100724
2020-04-05,569673.61,-0.007369831963642492
2020-04-06,583344.42,0.02399761856618232
2020-04-07,597068.92,0.02352726713319719
2020-04-08,597253.86,0.0003097464862178434
2020-04-10,607854.94,0.01774970529282127
2020-04-11,623260.14,0.0253435466034051
2020-04-12,624527.45,0.002033356408770004
2020-04-13,626388.68,0.002980221285709961
2020-04-14,645722.63,0.03086573978316465
2020-04-15,645762.53,6.179123689697974e-05
2020-04-17,668905.68,0.03583848384637611
2020-04-18,690126.46,0.03172462222177552
2020-04-19,708994.61,0.02734013415454317
2020-04-20,726137.35,0.02417894262976139
2020-04-21,741901.81,0.02171002496979413
2020-04-22,741931.99,4.067923759332182e-05
2020-04-24,769384.64,0.03700157207131616
2020-04-25,797824.21,0.0369640470077488
2020-04-26,820505.34,0.02842873118628475
2020-04-27,845952.45,0.03101394806278779
2020-04-28,878093.72,0.03799418040576641
2020-04-29,878101.22,8.541229516989546e-06
2020-05-01,917405.96,0.04476105841192202
2020-05-02,956816.56,0.04295873551987839
2020-05-03,979105.71,0.02329511311969767
2020-05-04,980571.13,0.001496692323446958
2020-05-05,977923.47,-0.002700120286021512
2020-05-06,977923.44,-3.067724718697207e-08
2020-05-08,1020217.54,0.04324888664086024
2020-05-09,1043252.69,0.02257866493846006
2020-05-10,1047762.81,0.004323132873973234
2020-05-11,1021444.8,-0.02511828989234688
2020-05-12,1017662.48,-0.0037029117970937
2020-05-15,987475.32,-0.02966323372755186
2020-05-16,968460.69,-0.01925580276780992
2020-05-17,995176.82,0.02758617905286376
2020-05-18,1002124.59,0.006981442755067402
2020-05-19,986759.18,-0.01533283401418173
2020-05-20,986759.2,2.026836964930112e-08
2020-05-22,959840.53,-0.02727987740068694
2020-05-23,959840.36,-1.77112754351505e-07
2020-05-25,926132.74,-0.03511794398810231
2020-05-26,938549.69,0.01340731135366191
2020-05-27,938557.22,8.023016873970334e-06
2020-05-29,973495.24,0.03722524237787028
2020-05-30,970411.22,-0.003167986727906413
2020-05-31,988120.76,0.01824952106386402
2020-06-01,1028537.58,0.04090271314611371
2020-06-02,1028537.75,1.652832171128438e-07
2020-06-05,1068844.18,0.03918809008225499
2020-06-06,1116186.62,0.04429311670107072
2020-06-07,1118912.07,0.002441751183148932
2020-06-08,1118118.06,-0.0007096268074040513
2020-06-09,1153679.69,0.03180489723956326
2020-06-10,1153679.68,-8.667917161808703e-09
2020-06-12,1189807.34,0.03131515673397334
2020-06-13,1185376.64,-0.003723880204000274
2020-06-14,1200120.74,0.01243832508796539
2020-06-15,1229701.61,0.02464824497575147
2020-06-16,1229673.6,-2.277788348992171e-05
2020-06-19,1270602.6,0.03328444231054495
2020-06-20,1300812.77,0.0237762538814259
2020-06-21,1341578.79,0.03133888361197434
2020-06-22,1391040.97,0.03686863594496748
2020-06-23,1419439.02,0.02041496304742196
2020-06-24,1419453.46,1.017303300554495e-05
2020-06-26,1466275.82,0.0329861889237284
2020-06-27,1491951.51,0.01751081866711823
2020-06-28,1481924.14,-0.006720975804367924
2020-06-29,1546849.86,0.04381177028400396
2020-06-30,1612882.43,0.04268841579750982
2020-07-01,1612902.0,1.213355644291703e-05
2020-07-03,1621367.52,0.005248626388955957
2020-07-04,1655406.9,0.02099424071354283
2020-07-05,1736402.01,0.04892761411106838
2020-07-06,1747078.12,0.006148409146335965
2020-07-07,1753678.23,0.003777799014505367
2020-07-08,1753642.79,-2.020895247123455e-05
2020-07-10,1741296.2,-0.007040538740503699
2020-07-11,1812832.53,0.04108222943345319
2020-07-12,1822117.05,0.005121554168050935
2020-07-13,1844860.01,0.0124816130774914
2020-07-14,1841696.04,-0.0017150190165377
2020-07-15,1841700.69,2.524846608231712e-06
2020-07-17,1809147.27,-0.01767573861309679
2020-07-18,1864945.61,0.0308423426468758
2020-07-19,1924798.4,0.03209358475607216
2020-07-20,1916202.83,-0.004465698849292377
2020-07-21,1901169.35,-0.007845453395974755
2020-07-22,1901147.16,-1.167176401206671e-05
2020-07-24,1952920.86,0.02723287344047587
2020-07-25,1946134.37,-0.003475046090705369
2020-07-26,1933943.75,-0.00626401762792983
2020-07-27,1941157.06,0.003729844779611691
2020-07-28,1904316.1,-0.01897886614079536
2020-07-29,1904324.24,4.274500436052264e-06
2020-07-31,1961649.37,0.03010261004712111
2020-08-01,2011492.97,0.02540902607890616
2020-08-02,1993330.31,-0.009029442444434599
2020-08-03,1995037.12,0.0008562604960338227
2020-08-04,2034186.97,0.01962361983520378
2020-08-05,2034192.5,2.718530834000532e-06
2020-08-08,2078511.79,0.021787166160528
2020-08-09,2065110.56,-0.006447512140405065
2020-08-10,1999853.5,-0.03159978998896795
2020-08-11,1975544.97,-0.01215515536513045
2020-08-12,1975439.67,-5.330174792228526e-05
2020-08-14,1903259.08,-0.03653899994830001
2020-08-15,1813574.5,-0.04712158262762633
2020-08-16,1815696.44,0.001170031890060264
2020-08-17,1825354.22,0.005319049917837493
2020-08-18,1757257.56,-0.03730599751756669
2020-08-19,1757229.2,-1.613878389006285e-05
2020-08-21,1727264.89,-0.01705202144375928
2020-08-22,1662215.41,-0.03766039614225003
2020-08-23,1608544.5,-0.03228878139205793
2020-08-24,1650027.39,0.025789084479789
2020-08-25,1718762.77,0.04165711455250465
2020-08-26,1718783.36,1.197954735787654e-05
2020-08-30,1727953.14,0.005335041177033428
2020-08-31,1684741.42,-0.02500746056111214
2020-09-01,1631883.66,-0.03137440521881396
2020-09-02,1631941.3,3.532114538118414e-05
2020-09-04,1642037.87,0.006186846303846805
2020-09-05,1647855.33,0.00354282937457473
2020-09-06,1607195.33,-0.02467449615252326
2020-09-07,1570010.0,-0.0231367832558349
2020-09-08,1556315.02,-0.008722861637823986
2020-09-09,1556280.32,-2.229625721916761e-05
2020-09-11,1583753.62,0.01765318217221945
2020-09-12,1578190.12,-0.003512857006129577
2020-09-13,1607587.14,0.01862704602408716
2020-09-14,1664559.24,0.03543950967410714
2020-09-15,1704108.46,0.02375957493708669
2020-09-18,1699493.99,-0.002707849945184804
2020-09-19,1652248.88,-0.02779951578410711
2020-09-20,1595160.11,-0.0345521614152946
2020-09-21,1581206.28,-0.008747604652676544
2020-09-22,1611452.19,0.01912837710206916
2020-09-23,1611582.46,8.08401271898962e-05
2020-09-25,1615531.23,0.002450243842936795
2020-09-26,1572158.03,-0.02684763946036495
2020-09-27,1515929.98,-0.03576488427184388
2020-09-28,1492901.96,-0.01519068842480442
2020-09-29,1503426.84,0.007049947204838647
2020-10-02,1546154.72,0.02842032539474948
2020-10-03,1522980.88,-0.01498804725053648
2020-10-04,1490173.09,-0.02154182657893888
2020-10-05,1514699.05,0.01645846389562711
2020-10-06,1540706.58,0.01717009725463292
2020-10-07,1540700.01,-4.264277238319458e-06
2020-10-09,1541822.8,0.0007287531594162289
2020-10-10,1597125.42,0.03586833713965043
2020-10-11,1579507.3,-0.01103114369064384
2020-10-12,1579632.95,7.955012300353559e-05
2020-10-13,1561416.08,-0.01153234363717204
2020-10-17,1514272.54,-0.03019281061842272
2020-10-18,1462283.2,-0.03433288171493887
2020-10-19,1419312.33,-0.0293861476354238
2020-10-20,1412354.66,-0.004902141588525644
2020-10-23,1374057.4,-0.02711589453034413
2020-10-25,1336592.58,-0.02726583329051602
2020-10-26,1302028.52,-0.02585983232078104
2020-10-27,1288330.51,-0.01052051455831393
2020-10-30,1305898.74,0.01363643091864675
2020-10-31,1279862.72,-0.01993724260734031
2020-11-01,1264477.63,-0.0120208908030387
2020-11-03,1290571.39,0.02063599970526964
2020-11-06,1262887.13,-0.02145116513081857
2020-11-07,1240523.77,-0.01770812249864318
2020-11-08,1215222.57,-0.02039557855469387
2020-11-09,1211935.3,-0.00270507648652385
2020-11-10,1221074.8,0.007541244157175608
2020-11-13,1247591.4,0.02171578678062946
2020-11-14,1257356.9,0.007827482619710224
2020-11-15,1273847.0,0.01311489204059724
2020-11-16,1296947.1,0.01813412442781592
2020-11-17,1345301.4,0.03728317060888586
2020-11-20,1366535.2,0.01578367494451438
2020-11-21,1358847.5,-0.005625687505159016
2020-11-22,1375541.3,0.01228526379891792
2020-11-23,1357108.6,-0.01340032465764562
2020-11-24,1367171.1,0.007414660845860066
2020-11-27,1390772.8,0.01726316479334589
2020-11-28,1427278.1,0.02624821250458731
2020-11-29,1465975.3,0.027112585837336
2020-11-30,1473701.9,0.00527062086243868
2020-12-01,1470980.1,-0.00184691354472688
2020-12-04,1490676.8,0.01339018794339908
2020-12-05,1523108.5,0.02175635925909614
2020-12-06,1512962.1,-0.006661639666510899
2020-12-07,1507362.7,-0.003700951927348428
2020-12-08,1506274.6,-0.0007218567900080242
2020-12-11,1527451.8,0.01405932225106898
2020-12-12,1515759.4,-0.007654840565181953
2020-12-13,1484107.4,-0.02088194208130922
2020-12-14,1428324.5,-0.03758683502285609
2020-12-15,1413360.4,-0.01047668089429266
2020-12-18,1444926.0,0.02233372323152683
2020-12-19,1439124.0,-0.004015430548000354
2020-12-20,1436392.9,-0.00189775168783235
2020-12-21,1444968.9,0.005970511271672363
2020-12-22,1447915.3,0.002039075027843174
2020-12-25,1423570.2,-0.01681389788477272
2020-12-26,1419012.8,-0.003201387609827688
2020-12-27,1437212.3,0.0128254657040443
2020-12-28,1411824.3,-0.01766475279956903
2020-12-29,1397797.2,-0.009935443100108188
2021-01-01,1354114.3,-0.03125124302724314
2021-01-02,1355351.2,0.0009134384002886797
2021-01-03,1374483.2,0.01411589852135742
2021-01-04,1350233.2,-0.01764299483616827
2021-01-05,1310708.8,-0.02927227681855249
2021-01-08,1285892.4,-0.01893357243042859
2021-01-09,1306620.7,0.01611977798453434
2021-01-10,1301325.6,-0.004052515010668278
2021-01-11,1260722.5,-0.03120133808172232
2021-01-12,1229836.5,-0.02449865057536449
2021-01-15,1186711.2,-0.03506588070853323
2021-01-17,1150224.9,-0.03074572819402066
2021-01-18,1150624.7,0.0003475841985336459
2021-01-19,1183978.2,0.02898729707436321
2021-01-22,1222070.6,0.03217322751381757
2021-01-23,1234557.5,0.01021782211273226
2021-01-24,1235783.1,0.0009927443638713118
2021-01-25,1215033.9,-0.01679032509831235
2021-01-26,1207698.3,-0.006037362414332503
2021-01-29,1247152.7,0.03266908631071175
2021-01-30,1251041.7,0.003118302995294808
2021-01-31,1233667.6,-0.01388770654087701
2021-02-01,1205467.1,-0.02285907484317495
2021-02-02,1173050.3,-0.02689148463695112
2021-02-05,1135345.5,-0.03214252619857827
2021-02-06,1170532.9,0.0309926802017535
2021-02-07,1192858.5,0.01907302221065299
2021-02-08,1214416.1,0.01807221895975086
2021-02-12,1262253.7,0.03939144087434276
2021-02-13,1264368.7,0.001675574411071246
2021-02-14,1257286.2,-0.005601609720329193
2021-02-15,1245843.5,-0.009101109993890022
2021-02-16,1238397.8,-0.005976432834461143
2021-02-19,1232716.1,-0.004587944196929206
2021-02-20,1222614.3,-0.008194749788698386
2021-02-21,1214500.4,-0.006636516520377778
2021-02-22,1211642.8,-0.002352901654046224
2021-02-23,1205798.5,-0.004823451267981005
2021-02-26,1194009.9,-0.00977659202594805
2021-02-27,1185603.7,-0.007040310134781902
2021-02-28,1181641.2,-0.003342179178421945
2021-03-01,1186333.7,0.003971171621300895
2021-03-02,1177916.9,-0.007094799717819789
2021-03-05,1169724.3,-0.006955159570254832
2021-03-06,1175595.8,0.005019558882379371
2021-03-07,1199888.4,0.02066407518638624
2021-03-08,1210146.7,0.008549378425527054
2021-03-09,1206878.0,-0.002701077480936731
2021-03-12,1229455.8,0.01870760756265333
2021-03-13,1245186.0,0.01279444124790818
2021-03-14,1254213.0,0.0072495193489166
2021-03-15,1290518.6,0.02894691730989885
2021-03-16,1307657.4,0.01328055248486915
2021-03-26,1309561.6,0.001456191812932106
2021-03-27,1306887.8,-0.002041751987840845
2021-03-29,1303193.7,-0.002826638981556107
2021-03-30,1294543.7,-0.006637539760973366
2021-04-02,1282948.7,-0.008956823937268377
2021-04-03,1269478.7,-0.01049925067151947
2021-04-04,1262735.3,-0.005311944186223716
2021-04-05,1260785.7,-0.001543949868194949
2021-04-06,1249910.4,-0.008625811666487015
2021-04-09,1240696.7,-0.007371488388287606
2021-04-10,1230876.5,-0.007915069009210685
2021-04-11,1226119.1,-0.003865050636680412
2021-04-12,1244556.6,0.01503728308285868
2021-04-13,1243358.7,-0.0009625114679397972
2021-04-16,1233781.8,-0.00770244338982784
2021-04-17,1224795.3,-0.007283702839513406
2021-04-18,1216874.3,-0.006467203131821253
2021-04-19,1219589.9,0.002231619157377018
2021-04-20,1207046.9,-0.0102846046855587
2021-04-23,1199341.7,-0.006383513349812686
2021-04-24,1187843.0,-0.009587509547946182
2021-04-25,1186956.5,-0.0007463107498213439
2021-04-26,1202636.7,0.01321042515037396
2021-04-27,1207850.4,0.004335224428125173
2021-04-30,1194338.6,-0.0111866502672846
2021-05-01,1180663.6,-0.01144985182593949
2021-05-02,1167072.7,-0.01151123825618083
2021-05-04,1172262.4,0.004446766683857684
2021-05-07,1167462.4,-0.004094646386338052
2021-05-08,1151896.4,-0.01333319171563896
2021-05-09,1157682.9,0.005023455234342222
2021-05-11,1179527.1,0.01886889751934673
2021-05-12,1184000.3,0.003792367297029475
2021-05-15,1188811.1,0.004063174646155021
2021-05-16,1174659.7,-0.01190382559516823
2021-05-17,1176833.7,0.001850748774304689
2021-05-18,1154844.7,-0.01868488300428517
2021-05-21,1128164.1,-0.02310319300941488
2021-05-22,1107915.1,-0.0179486299909738
2021-05-23,1095697.7,-0.01102737926398889
2021-05-24,1105454.2,0.008904372072698452
2021-05-25,1109369.6,0.003541892554209891
2021-05-29,1134015.5,0.02221613067457406
2021-05-30,1156933.8,0.02020986485634468
2021-05-31,1145930.0,-0.009511175142432604
2021-06-01,1148642.7,0.002367247563114683
2021-06-06,1157205.4,0.00745462448853762
2021-06-07,1160665.6,0.002990134681362777
2021-06-08,1151846.3,-0.007598484869371536
2021-06-11,1144955.0,-0.005982829479940222
2021-06-12,1141225.9,-0.003256983898930588
2021-06-13,1150203.6,0.007866715958689818
2021-06-14,1150129.2,-6.468420025818045e-05
2021-06-15,1147675.0,-0.002133847223424912
2021-06-18,1162032.0,0.01250963905286784
2021-06-19,1163757.0,0.001484468586063104
2021-06-20,1168664.7,0.004217117491022604
2021-06-21,1186905.5,0.01560824075545364
2021-06-22,1213054.6,0.02203132431351951
2021-06-25,1233738.1,0.01705075764932595
2021-06-26,1238485.8,0.003848223541122575
2021-06-27,1243812.3,0.004300816367858173
2021-06-28,1248516.5,0.003782081910590485
2021-06-29,1256960.1,0.00676290621709863
2021-07-02,1246111.9,-0.008630504659615013
2021-07-03,1243719.1,-0.001920212783458553
2021-07-04,1254561.8,0.008717965334776867
2021-07-05,1281187.0,0.02122270899687839
2021-07-06,1282036.1,0.0006627447827678434
2021-07-09,1270744.3,-0.008807708300881734
2021-07-10,1285256.4,0.01142015746204783
2021-07-11,1304333.3,0.01484287493141467
2021-07-12,1303921.4,-0.0003157935168872639
2021-07-13,1305491.0,0.001203753539132046
2021-07-16,1311241.0,0.00440447310628711
2021-07-17,1302857.2,-0.006393790310095571
2021-07-18,1311306.0,0.006484824276981493
2021-07-25,1323354.6,0.009188244391469258
2021-07-26,1314909.1,-0.006381887364127481
2021-07-27,1316504.6,0.001213391861079938
2021-07-30,1351467.5,0.02655737017553905
2021-07-31,1360246.6,0.006495975670891108
2021-08-01,1357895.2,-0.001728657142021306
2021-08-02,1375612.3,0.01304747229388559
2021-08-03,1406058.1,0.02213254417687316
2021-08-06,1407762.2,0.001211969832541016
2021-08-07,1417863.0,0.007175075449532553
2021-08-08,1433175.9,0.01079998561215012
2021-08-09,1453797.2,0.01438853388478001
2021-08-10,1484589.9,0.02118087722276529
2021-08-13,1480830.1,-0.00253255124529661
2021-08-14,1500000.1,0.01294544188425117
2021-08-21,1515548.6,0.01036566597562216
2021-08-22,1515886.5,0.0002229555686963369
2021-08-23,1543476.4,0.01820050511697269
2021-08-24,1550120.4,0.004304568570015155
2021-08-27,1575762.0,0.01654168282670176
2021-08-28,1573407.6,-0.00149413426646916
2021-08-29,1523997.1,-0.03140349646207374
2021-08-30,1496156.6,-0.01826807938151587
2021-08-31,1520627.1,0.01635557400876353
2021-09-03,1541051.8,0.0134317611464374
2021-09-04,1537192.9,-0.00250406897419031
2021-09-05,1538503.4,0.0008525280073827801
2021-09-06,1523086.7,-0.01002058233995451
2021-09-07,1526009.1,0.001918735158018325
2021-09-10,1530461.8,0.002917872508099606
2021-09-11,1489994.9,-0.02644097356758601
2021-09-12,1475274.1,-0.009879765360270576
2021-09-13,1496954.9,0.01469611647083058
2021-09-14,1488291.7,-0.005787215099132159
2021-09-17,1450225.4,-0.02557717683972838
2021-09-18,1420479.0,-0.02051157013247729
2021-09-19,1395330.2,-0.01770445040018198
2021-09-20,1391236.1,-0.002934144190385846
2021-09-21,1391236.1,0.0
2021-09-22,1386466.3,-0.003428461926771487
2021-09-25,1424719.4,0.02759035686622879
2021-09-28,1425447.4,0.000510977810788571
2021-09-29,1436984.3,0.008093529091287577
2021-10-01,1473476.0,0.02539464070693054
2021-10-02,1476680.3,0.002174653676069394
2021-10-03,1484652.8,0.005398934352953688
2021-10-05,1488264.5,0.002432689986507253
2021-10-09,1455612.0,-0.02193998445840772
2021-10-11,1418683.0,-0.02537008488525794
2021-10-12,1397386.1,-0.01501173976145476
2021-10-15,1437465.5,0.02868169362783846
2021-10-16,1436109.9,-0.0009430487201258497
2021-10-17,1436916.8,0.0005618650773175915
2021-10-18,1449471.6,0.00873731868122074
2021-10-19,1436357.1,-0.00904777989441119
2021-10-22,1407758.0,-0.01991085642978341
2021-10-24,1384133.5,-0.0167816485503901
2021-10-25,1384452.2,0.0002302523564381431
2021-10-26,1393925.2,0.006842417528030165
2021-10-29,1375669.2,-0.01309682901205889
2021-10-30,1340290.8,-0.02571722911292906
2021-10-31,1361402.9,0.01575188011437501
2021-11-01,1376094.4,0.01079144168122448
2021-11-02,1398416.5,0.01622134353573434
2021-11-05,1440651.5,0.03020201778225595
2021-11-06,1430892.2,-0.006774226799472371
2021-11-07,1434378.9,0.002436731432318817
2021-11-08,1447674.8,0.009269447563680755
2021-11-09,1456479.9,0.006082236148615694
2021-11-12,1439244.4,-0.01183366828474597
2021-11-13,1442515.7,0.002272928767344862
2021-11-14,1416298.7,-0.0181744988980016
2021-11-15,1408582.5,-0.005448144519231701
2021-11-16,1410777.8,0.001558517161756701
2021-11-19,1383491.9,-0.01934103301030121
2021-11-20,1386935.3,0.002488919523128574
2021-11-21,1407132.9,0.0145627557392185
2021-11-22,1404611.7,-0.001791728414565541
2021-11-23,1394095.4,-0.0074869802095483
2021-11-26,1366713.9,-0.01964105182471731
2021-11-27,1368005.2,0.0009448210046010264
2021-11-28,1363939.0,-0.002972357122619118
2021-11-29,1357128.9,-0.004992965227917145
2021-11-30,1340071.9,-0.01256844504600851
2021-12-03,1334765.9,-0.003959489039356723
2021-12-04,1343202.7,0.006320808765042596
2021-12-05,1342353.6,-0.0006321458406834957
2021-12-06,1337987.6,-0.003252496212622358
2021-12-07,1349389.3,0.008521528899071873
2021-12-10,1344441.6,-0.003666621633949485
2021-12-11,1320761.6,-0.01761326040491462
2021-12-12,1295550.1,-0.01908860766394183
2021-12-13,1291798.4,-0.002895835521914747
2021-12-14,1293237.9,0.001114337964809309
2021-12-17,1305535.5,0.009509155276071102
2021-12-18,1291675.8,-0.01061610350695175
2021-12-19,1301542.3,0.007638526633385823
2021-12-20,1318359.7,0.01292113210611734
2021-12-21,1359011.0,0.03083475625051335
2021-12-24,1385528.5,0.01951235126132156
2021-12-25,1384015.1,-0.001092290775685845
2021-12-26,1400314.6,0.01177696688424867
2021-12-27,1399888.9,-0.0003040031147287792
2021-12-28,1397311.4,-0.001841217542335016
2021-12-31,1378777.4,-0.01326404407779114
2022-01-01,1379041.1,0.0001912563986037341
2022-01-02,1376049.3,-0.002169478487624499
2022-01-03,1362828.6,-0.00960772263028653
2022-01-04,1363095.8,0.0001960628064305858
2022-01-07,1362438.6,-0.0004821377925160464
2022-01-08,1336820.7,-0.01880297578180778
2022-01-09,1332755.6,-0.003040871524505717
2022-01-10,1335536.3,0.002086429049707128
2022-01-11,1334265.0,-0.000951902243316094
2022-01-14,1322631.9,-0.008718732785466199
2022-01-15,1310804.4,-0.00894239735182556
2022-01-16,1306531.1,-0.003260059243011204
2022-01-17,1275966.4,-0.02339377914540275
2022-01-18,1279449.8,0.002730009191464822
2022-01-21,1281801.0,0.001837664908775682
2022-01-22,1256512.8,-0.01972864742655056
2022-01-23,1234707.7,-0.01735366324959053
2022-01-24,1208047.3,-0.02159247893246308
2022-01-25,1229368.4,0.01764922615198916
2022-01-28,1258995.1,0.0240991227690579
2022-01-29,1284575.8,0.02031834754559414
2022-01-30,1294669.9,0.007857924771741631
2022-01-31,1301297.4,0.005119065485341023
2022-02-01,1301195.7,-7.815277276346233e-05
2022-02-04,1304437.2,0.002491170236729179
2022-02-05,1282049.5,-0.01716272734325575
2022-02-06,1274467.5,-0.005913968220415788
2022-02-07,1281169.0,0.005258274534266194
2022-02-08,1284120.5,0.002303755398390006
2022-02-11,1284061.7,-4.579009524419142e-05
2022-02-12,1275996.2,-0.006281240223892648
2022-02-13,1283324.2,0.005742963811334212
2022-02-15,1282411.4,-0.0007112777893536482
2022-02-18,1282129.7,-0.0002196642980559771
2022-02-19,1274304.7,-0.006103126696152539
2022-02-20,1281589.4,0.005716607652785033
2022-02-21,1284876.1,0.002564549925272663
2022-02-22,1288337.2,0.002693722764397277
2022-02-25,1282870.8,-0.004242988559206351
2022-02-26,1279292.7,-0.002789135117893471
2022-02-27,1281934.2,0.002064812845410602
2022-03-01,1281153.4,-0.0006090796235875828
2022-03-04,1298782.7,0.0137604911324436
2022-03-05,1322598.5,0.01833701665413323
2022-03-06,1342923.6,0.01536755107464582
2022-03-07,1336569.2,-0.004731765827929557
2022-03-08,1348303.3,0.00877926859305167
2022-03-11,1332948.7,-0.01138809049862899
2022-03-12,1335312.3,0.00177321152719534
2022-03-13,1334780.9,-0.0003979593388004909
2022-03-14,1337269.2,0.001864201083488615
2022-03-15,1345030.6,0.005803917416179249
2022-03-18,1367250.3,0.01651984720645006
2022-03-25,1390777.2,0.01720745645475441
2022-03-26,1403589.4,0.009212259159842473
2022-03-27,1418651.9,0.01073141475705075
2022-03-28,1414249.5,-0.003103227789706509
2022-03-29,1432106.4,0.01262641422181865
2022-04-02,1462002.9,0.02087589302023929
2022-04-03,1468820.1,0.004662918247289483
2022-04-04,1471438.4,0.001782587261707436
2022-04-05,1463779.7,-0.005204906980815438
2022-04-08,1458772.7,-0.003420596692248146
2022-04-09,1474113.0,0.01051589462840918
2022-04-10,1479493.0,0.003649652367220257
2022-04-11,1446026.9,-0.02261997860077747
2022-04-12,1454129.3,0.005603215265221007
2022-04-15,1467668.8,0.009311070205380023
2022-04-16,1475058.6,0.005035059681039789
2022-04-17,1501842.6,0.0181579226750721
2022-04-18,1513105.7,0.007499520921832925
2022-04-19,1512219.1,-0.000585947168132317
2022-04-23,1504715.6,-0.004961913257146455
2022-04-24,1507249.3,0.001683839790057373
2022-04-25,1522868.2,0.01036251932576771
2022-04-26,1521391.9,-0.000969420728596293
2022-04-29,1522439.4,0.0006885142480381745
2022-04-30,1523421.8,0.0006452801996585933
2022-05-01,1529717.5,0.004132604640421977
2022-05-06,1543847.5,0.009236999642090682
2022-05-07,1553041.8,0.005955445728933695
2022-05-08,1540099.2,-0.008333710013471718
2022-05-09,1539530.7,-0.0003691320662980724
2022-05-11,1564449.1,0.01618571165875426
2022-05-13,1578410.9,0.008924419464973132
2022-05-14,1572979.8,-0.003440865746682231
2022-05-15,1583800.5,0.006879109318504995
2022-05-16,1606024.3,0.0140319440485086
2022-05-17,1594977.6,-0.006878289450539365
2022-05-20,1579691.1,-0.009584147137865706
2022-05-21,1582143.8,0.001552645324139679
2022-05-23,1555689.0,-0.01672085685258196
2022-05-24,1564487.5,0.005655693393731065
2022-05-27,1553401.9,-0.007085770899415977
2022-05-28,1534057.1,-0.0124531842017187
2022-05-29,1537380.3,0.002166281815715987
2022-05-30,1542711.1,0.003467456946079084
2022-05-31,1541979.9,-0.0004739707907722712
2022-06-05,1514309.9,-0.01794446218138124
2022-06-06,1515387.7,0.0007117433492311864
2022-06-07,1520298.7,0.003240754824656467
2022-06-10,1518289.8,-0.001321385067289627
2022-06-11,1532387.2,0.009285052168564789
2022-06-12,1571446.8,0.02548938022974889
2022-06-13,1574065.3,0.00166629885275138
2022-06-14,1564334.0,-0.006182272107770892
2022-06-17,1547738.5,-0.01060866796988369
2022-06-18,1545962.9,-0.001147222221324906
2022-06-19,1547247.2,0.0008307443859099095
2022-06-20,1539632.2,-0.004921644065667086
2022-06-21,1533393.9,-0.004051811854805298
2022-06-24,1520334.9,-0.008516402732526851
2022-06-25,1501346.4,-0.01248968237195636
2022-06-26,1503782.3,0.001622476997980016
2022-06-28,1513715.5,0.006605477401881776
2022-07-01,1501632.0,-0.007982675740586642
2022-07-02,1502986.1,0.0009017522269105793
2022-07-03,1507156.8,0.002774942496141408
2022-07-04,1511072.5,0.002598070751496984
2022-07-05,1502603.8,-0.005604429966133306
2022-07-10,1487597.8,-0.009986664482014462
2022-07-11,1483534.7,-0.002731316220015989
2022-07-12,1490051.8,0.004392954205924671
2022-07-15,1480051.2,-0.006711578751826042
2022-07-16,1469832.4,-0.006904355741206847
2022-07-18,1468893.1,-0.0006390524525108354
2022-07-19,1471898.1,0.002045758129029185
2022-07-22,1473498.1,0.001087031772104341
2022-07-24,1439416.8,-0.02312951743880776
2022-07-25,1438448.4,-0.0006727724728515794
2022-07-26,1443712.6,0.00365963770407074
2022-07-29,1440855.3,-0.001979133520064846
2022-07-30,1423496.7,-0.0120474276632776
2022-07-31,1427609.2,0.002889012668592761
2022-08-01,1430021.0,0.00168939791085676
2022-08-02,1437360.8,0.005132651898118956
2022-08-05,1448922.6,0.008043770221088486
2022-08-08,1451941.9,0.002083824215316721
2022-08-09,1448464.5,-0.002394999414232712
2022-08-12,1467100.6,0.01286610752282846
2022-08-13,1463653.5,-0.002349600293258702
2022-08-14,1463697.6,3.013008201735445e-05
2022-08-15,1459500.6,-0.002867395560394392
2022-08-16,1451404.1,-0.005547445475527768
2022-08-19,1438819.2,-0.008670845011392814
2022-08-20,1429906.8,-0.006194245948344279
2022-08-21,1424490.9,-0.003787589512827094
2022-08-22,1431477.2,0.004904418834827284
2022-08-23,1442372.9,0.007611507888494407
2022-08-26,1450045.2,0.005319220847812778
2022-08-27,1444086.8,-0.004109113288330524
2022-08-28,1445139.0,0.0007286265617827414
2022-08-29,1441217.1,-0.002713856590957575
2022-08-30,1439396.4,-0.00126330724219148
2022-09-02,1426941.2,-0.008653071523591405
2022-09-03,1426908.2,-2.312639091228696e-05
2022-09-04,1426779.6,-9.012492884952206e-05
2022-09-05,1420834.1,-0.004167076680939408
2022-09-06,1412856.5,-0.005614730108180921
2022-09-09,1397434.5,-0.01091547513848712
2022-09-10,1390732.3,-0.004796074520845184
2022-09-11,1388970.4,-0.001266886517268695
2022-09-12,1393126.7,0.002992360384353798
2022-09-13,1389099.0,-0.002891122537526547
2022-09-17,1377917.4,-0.00804953426645627
2022-09-18,1373821.4,-0.002972601986156787
2022-09-19,1367060.4,-0.004921309276445962
2022-09-20,1355240.9,-0.008645923764597385
2022-09-23,1328185.9,-0.01996324048366604
2022-09-25,1334448.1,0.004714852039914064
2022-09-27,1346563.5,0.009078959309095636
2022-09-30,1330879.1,-0.01164772400261849
2022-10-01,1322025.8,-0.006652219574264873
2022-10-02,1318714.2,-0.00250494354951325
2022-10-03,1313853.1,-0.003686242250216076
2022-10-08,1305083.0,-0.006675099369937265
2022-10-09,1303920.4,-0.0008908245682459626
2022-10-10,1313583.9,0.007411111905297307
2022-10-11,1319789.7,0.004724327087139324
2022-10-14,1317894.2,-0.001436213663434383
2022-10-15,1313714.5,-0.003171498895738312
2022-10-17,1312563.1,-0.0008764461380307287
2022-10-18,1310165.9,-0.001826350291273759
2022-10-21,1308960.0,-0.000920417788312089
2022-10-22,1296797.8,-0.009291498594303893
2022-10-23,1277736.9,-0.01469843641005575
2022-10-24,1267060.7,-0.008355554261601061
2022-10-25,1241067.1,-0.02051488141018021
2022-10-28,1244627.3,0.002868660364939046
2022-10-29,1254464.8,0.00790397253860653
2022-10-30,1269833.4,0.01225112095612402
2022-10-31,1280456.2,0.008365506845228632
2022-11-01,1283540.8,0.002408985172628331
2022-11-04,1328324.1,0.03489043745239728
2022-11-05,1344675.9,0.01231009811536188
2022-11-06,1389752.6,0.0335223528584101
2022-11-07,1407734.1,0.01293863382590543
2022-11-08,1414356.2,0.004704084386390806
2022-11-11,1426096.0,0.008300455005606056
2022-11-12,1419140.1,-0.004877581873870995
2022-11-13,1408174.3,-0.007727073599005485
2022-11-14,1410423.9,0.001597529510373619
2022-11-15,1413573.7,0.002233229314959839
2022-11-18,1403630.3,-0.007034228211800997
2022-11-19,1404627.2,0.0007102297520935608
2022-11-20,1408597.9,0.002826871072979298
2022-11-21,1407654.1,-0.0006700279760460948
2022-11-22,1410188.2,0.001800229189827141
2022-11-26,1406202.0,-0.002826714902308791
2022-11-27,1408348.5,0.001526452102898368
2022-11-28,1414204.6,0.004158132734902065
2022-11-29,1417371.8,0.002239562790278038
2022-12-02,1417719.9,0.0002455954041133968
2022-12-03,1417839.4,8.429027482792506e-05
2022-12-04,1413604.7,-0.002986727551794632
2022-12-05,1409404.4,-0.00297133986608844
2022-12-06,1402830.4,-0.004664381635249626
2022-12-09,1383737.5,-0.0136102696377266
2022-12-10,1389368.4,0.004069341186460518
2022-12-11,1409355.1,0.01438545744958653
2022-12-12,1454481.6,0.0320192547641116
2022-12-13,1472760.5,0.01256729545427038
2022-12-16,1469933.2,-0.001919728292549938
2022-12-17,1500241.8,0.02061903221180406
2022-12-18,1500908.6,0.0004444616861094541
2022-12-19,1492095.1,-0.005872109734063713
2022-12-20,1496200.8,0.002751634262454061
2022-12-23,1538003.2,0.02793903064348036
2022-12-24,1563567.4,0.01662168193148106
2022-12-25,1576396.8,0.008205210725166223
2022-12-27,1647314.5,0.04498721387914517
2022-12-30,1590495.4,-0.03449195645397407
2022-12-31,1564365.7,-0.01642865487067735
2023-01-01,1593285.0,0.01848627849613438
2023-01-02,1591353.9,-0.001212024214123697
2023-01-03,1579119.3,-0.007688170431479624
2023-01-06,1598061.4,0.01199535715889222
2023-01-07,1635229.2,0.02325805504093892
2023-01-08,1646905.8,0.007140650374883206
2023-01-10,1652087.0,0.003146020859237986
2023-01-13,1643714.0,-0.005068135031629728
2023-01-15,1680675.2,0.02248639361835458
2023-01-16,1687047.7,0.003791630887395758
2023-01-17,1689144.1,0.001242644176569607
2023-01-20,1657576.7,-0.01868839964571412
2023-01-21,1652924.5,-0.002806627289102193
2023-01-22,1653948.6,0.0006195685283871821
2023-01-23,1646053.5,-0.004773485705662273
2023-01-24,1611955.9,-0.02071475805616285
2023-01-27,1600082.2,-0.007366020373137938
2023-01-28,1542190.7,-0.03618032873561117
2023-01-29,1539679.6,-0.00162826815127326
2023-01-30,1556551.9,0.01095831886062526
2023-01-31,1557244.0,0.0004446366356303244
2023-02-04,1540189.2,-0.01095191248128102
2023-02-05,1537859.1,-0.001512866081647579
2023-02-06,1556516.4,0.01213199570753898
2023-02-07,1558081.6,0.001005578868298551
2023-02-11,1545978.3,-0.007768078385624988
2023-02-12,1548278.2,0.001487666418086064
2023-02-13,1537961.7,-0.006663208201213466
2023-02-14,1524795.0,-0.00856113647043355
2023-02-18,1533366.5,0.005621411402844334
2023-02-19,1594262.9,0.03971418444318431
2023-02-20,1659416.4,0.04086747549604275
2023-02-21,1656593.4,-0.001701200494342414
2023-02-24,1738782.3,0.04961320019746562
2023-02-25,1804300.2,0.03768033525531056
2023-02-26,1809073.8,0.002645679471741991
2023-02-27,1838119.4,0.01605550862546345
2023-02-28,1821771.1,-0.008894035936947153
2023-03-03,1788209.2,-0.01842267670180964
2023-03-04,1795955.2,0.004331707945580465
2023-03-05,1785669.8,-0.005726980272113602
2023-03-06,1817611.5,0.01788779762081427
2023-03-10,1816739.8,-0.0004795854339609829
2023-03-11,1783197.0,-0.01846318333533514
2023-03-12,1781632.1,-0.0008775811085370844
2023-03-13,1782987.7,0.0007608753793781897
2023-03-14,1820988.0,0.02131271012133173
2023-03-17,1905745.0,0.04654451319832975
2023-03-18,1960457.4,0.02870919246803738
2023-03-24,1998281.4,0.01929345672086535
2023-03-25,2018760.3,0.01024825632666149
2023-03-26,2029198.2,0.005170450399683446
2023-03-27,2044408.5,0.007495719245167898
2023-03-28,2078712.3,0.01677932761480894
2023-04-02,2089951.3,0.005406712607608055
2023-04-03,2119105.9,0.01394989443055428
2023-04-04,2137464.9,0.008663559475720506
2023-04-07,2202385.5,0.03037270927817337
2023-04-08,2212643.0,0.004657449842454975
2023-04-09,2190307.2,-0.01009462439263809
2023-04-10,2179922.1,-0.004741389700951615
2023-04-14,2253946.4,0.03395731434623284
2023-04-15,2275066.7,0.009370364796607467
2023-04-16,2289287.4,0.006250673881341484
2023-04-17,2325437.4,0.01579094001041548
2023-04-18,2324132.7,-0.0005610557394492011
2023-04-23,2326494.3,0.001016120981387925
2023-04-25,2365287.0,0.01667431551411935
2023-04-28,2438553.0,0.03097552220935551
2023-04-29,2479339.7,0.01672577959142174
2023-04-30,2480639.9,0.0005244138187274761
2023-05-01,2518331.8,0.01519442624461531
2023-05-02,2514673.4,-0.00145270770118533
2023-05-05,2535236.6,0.008177284573018584
2023-05-06,2440167.5,-0.0374991036339567
2023-05-07,2314408.4,-0.05153707686050246
2023-05-08,2305838.4,-0.003702890120862001
2023-05-09,2277713.1,-0.01219742892650233
2023-05-12,2214024.3,-0.02796173056211526
2023-05-13,2285904.0,0.03246563282977522
2023-05-14,2301380.1,0.006770231820758976
2023-05-16,2321336.1,0.008671318570973918
2023-05-19,2297985.8,-0.01005899145754907
2023-05-20,2302705.5,0.00205384210816284
2023-05-21,2318506.5,0.006861928283925067
2023-05-22,2330799.1,0.005301947611533686
2023-05-23,2345967.5,0.006507810990659779
2023-05-26,2311221.8,-0.01481081899045922
2023-05-27,2257012.8,-0.02345469396316702
2023-05-28,2275394.7,0.008144349026288467
2023-05-29,2288427.0,0.005727489828467824
2023-05-30,2271042.4,-0.007596746586192249
2023-06-02,2279681.8,0.003804156188365271
2023-06-05,2289549.0,0.004328323365129449
2023-06-06,2288439.0,-0.0004848116375757439
2023-06-09,2215058.3,-0.03206583177441047
2023-06-10,2208212.5,-0.003090573281976261
2023-06-11,2145415.1,-0.02843811453834266
2023-06-12,2155197.7,0.004559770274759511
2023-06-13,2182106.9,0.01248572230751721
2023-06-16,2182812.2,0.0003232197286027194
2023-06-17,2162916.9,-0.009114526664272926
2023-06-18,2164226.3,0.0006053861801162963
2023-06-19,2166947.4,0.001257308443206817
2023-06-20,2173893.4,0.003205430828639333
2023-06-23,2162616.3,-0.005187512874366362
2023-06-24,2189680.1,0.01251437899547891
2023-06-25,2196127.8,0.00294458537573572
2023-06-26,2168200.1,-0.01271679180054996
2023-06-27,2153408.1,-0.00682224855538005
2023-06-30,2143914.9,-0.004408453743626306
2023-07-01,2157377.1,0.006279260431465872
2023-07-02,2183405.5,0.0120648355820594
2023-07-03,2202092.5,0.008558648404980218
2023-07-04,2202657.0,0.0002563470880536656
2023-10-03,2069749.24,-0.06033974422708577
2023-10-06,2052864.3,-0.008157964101970117
2023-10-07,2001266.67,-0.02513445725565011
2023-10-08,2005595.1,0.002162845194438878
2023-10-09,2014066.89,0.00422407793078472
2023-10-10,2019712.76,0.002803218715342615
2023-10-13,2001462.88,-0.009035878943498887
2023-10-14,2001942.55,0.0002396597033067493
2023-10-15,2018165.84,0.008103774006901432
2023-10-17,2023543.79,0.002664771097304897
2023-10-20,2024972.78,0.0007061819008127301
2023-10-21,2032212.11,0.003575025833186807
2023-10-22,2021903.44,-0.005072634863887426
2023-10-23,2000179.15,-0.01074447452347183
2023-10-31,1967830.64,-0.01617280632087381
2023-11-17,2028567.62,0.03086494272698204
2023-11-18,2026262.4,-0.001136378189848131
2023-11-19,2022786.74,-0.001715305974191672
2023-11-21,2022595.56,-9.451317641129275e-05
2023-11-26,2031879.44,0.004590082260439665
2023-11-28,2044474.1,0.006198527211831006
2023-12-01,2087696.02,0.02114084986452003
2023-12-02,2121199.15,0.01604789666648876
2023-12-03,2165228.25,0.02075670264152252
2023-12-04,2176503.65,0.00520748794035919
2023-12-05,2171023.38,-0.002517923643270747
2023-12-08,2160965.02,-0.004633003998326335
2023-12-09,2161074.01,5.04358002055838e-05
2023-12-10,2162560.36,0.0006877830158162901
2023-12-11,2161266.62,-0.0005982445733906383
2023-12-12,2158088.45,-0.001470512694079384
2023-12-15,2171823.16,0.006364294290162276
2023-12-17,2207653.06,0.01649761392175231
2023-12-18,2211856.32,0.001903949527286564
2023-12-22,2208343.2,-0.001588312933454739
2023-12-23,2200109.69,-0.003728365228738095
2023-12-24,2194499.76,-0.002549841049061641
2023-12-25,2178752.19,-0.007175926963874368
2023-12-26,2177410.5,-0.0006158066099293258
2023-12-29,2182717.77,0.002437422801075062
2023-12-30,2176102.5,-0.003030749138034472
2023-12-31,2168309.02,-0.003581393799235055
2024-01-01,2158766.53,-0.004400890238421939
2024-01-02,2155234.91,-0.001635943466290257
2024-01-05,2153710.6,-0.0007072593307242414
2024-01-06,2154775.74,0.0004945604112269741
2024-01-07,2153955.8,-0.0003805221976372897
2024-01-08,2156372.42,0.001121945027841464
2024-01-09,2170964.07,0.006766757849741012
2024-01-12,2180524.25,0.004403656482440121
2024-01-13,2197290.12,0.007688917011585694
2024-01-14,2194999.35,-0.001042543257783413
2024-01-15,2188637.72,-0.002898237760298183
2024-01-16,2185977.37,-0.001215527803294925
2024-01-19,2166927.86,-0.008714413178028568
2024-01-20,2153211.75,-0.006329749251550942
2024-01-21,2146563.32,-0.00308768053118802
2024-01-22,2120048.66,-0.01235214435696208
2024-01-23,2123491.41,0.001623901406112127
2024-01-26,2126829.7,0.001572076055631477
2024-01-27,2128027.65,0.0005632561930086766
2024-01-28,2120268.03,-0.003646390590836601
2024-01-29,2110339.44,-0.004682705138934651
2024-01-30,2107272.64,-0.001453225932222413
2024-02-02,2111083.35,0.00180836116203742
2024-02-03,2100173.83,-0.00516773532414061
2024-02-04,2098471.96,-0.0008103472082594543
2024-02-06,2098026.31,-0.0002123688133530699
2024-02-09,2100104.33,0.000990464223492138
2024-02-11,2091898.21,-0.003907482063045919
2024-02-12,2090317.88,-0.0007554526278791274
2024-02-13,2078540.1,-0.005634444460667298
2024-02-16,2060019.98,-0.00891015766306369
2024-02-18,2070775.31,0.005220983342113072
2024-02-19,2071507.07,0.0003533748912623036
2024-02-20,2070816.17,-0.0003335252918060805
2024-02-23,2066137.68,-0.002259249308450229
2024-02-25,2049784.46,-0.007914874288532436
2024-02-26,2046016.86,-0.001838046913478775
2024-02-27,2054827.15,0.004306069110300292
2024-03-01,2086541.6,0.01543412057797666
2024-03-02,2147088.74,0.02901794050020379
2024-03-03,2172227.98,0.01170852398024302
2024-03-05,2165752.68,-0.002980948620319168
2024-03-08,2163750.32,-0.0009245561686205273
2024-03-09,2160224.66,-0.001629420902869994
2024-03-10,2161563.71,0.0006198660837433145
2024-03-11,2163500.96,0.000896226186180682
2024-03-12,2150035.3,-0.006224013877950907
2024-03-15,2148494.01,-0.0007168672998066894
2024-03-16,2160406.45,0.005544553507971006
2024-03-17,2195092.3,0.01605524275304759
2024-03-23,2236349.27,0.01879509576886584
2024-03-24,2253602.21,0.007714778827906388
2024-03-25,2249426.55,-0.001852882457015426
2024-03-26,2261386.24,0.005316772845950668
2024-03-29,2261172.41,-9.455704479743865e-05
2024-04-01,2245265.27,-0.007034908054622924
2024-04-02,2250907.51,0.002512950284934368
2024-04-05,2231022.8,-0.008834085768366307
2024-04-06,2234925.65,0.001749354600948161
2024-04-07,2254853.03,0.008916350304539078
2024-04-08,2261899.21,0.003124895461590338
2024-04-12,2207970.15,-0.02384237978490655
2024-04-13,2196767.82,-0.005073587611680419
2024-04-14,2206907.84,0.004615881527252119
2024-04-15,2201986.89,-0.002229794063353219
2024-05-04,2259745.23,0.02623010166967887
2024-05-05,2239098.46,-0.009136768926822803
2024-05-06,2231424.01,-0.003427473216162324
2024-05-07,2219092.61,-0.00552624689200143
2024-05-10,2208284.88,-0.004870337520523793
2024-05-11,2193171.84,-0.006843790915237347
2024-05-12,2161422.58,-0.01447641239092312
2024-05-13,2165573.51,0.001920462032001025
2024-05-14,2164692.26,-0.000406936082257503
2024-05-17,2168676.28,0.001840455603606239
2024-05-18,2112560.33,-0.0258756691893175
2024-05-20,2114144.1,0.00074969219932286
2024-05-24,2098482.71,-0.007407910369023663
2024-05-25,2079063.3,-0.009254024304064856
2024-05-26,2058131.89,-0.01006771174307208
2024-05-27,2069875.52,0.005705965714374095
2024-05-28,2086080.15,0.007828794458132338
2024-05-31,2094080.26,0.00383499646454144
2024-06-01,2087686.36,-0.003053321366010997
2024-06-04,2082118.96,-0.002666779889293425
2024-06-07,2064389.53,-0.008515089839055134
2024-06-08,2061897.1,-0.001207344817331979
2024-06-09,2078090.73,0.00785375274061928
2024-06-10,2081296.94,0.001542863337829381
2024-06-11,2075720.49,-0.002679314946765765
2024-06-14,2061671.58,-0.006768208950907462
2024-06-15,2045317.92,-0.007932233319140058
2024-06-17,2043980.41,-0.000653937457312237
2024-06-21,2047651.79,0.001796191383262924
2024-06-22,2051147.64,0.001707248281701101
2024-06-23,2065166.11,0.006834451955881837
2024-06-25,2085131.44,0.009667663004599536
2024-06-28,2096024.46,0.005224140690142764
2024-06-29,2072938.23,-0.01101429417479216
2024-06-30,2075095.42,0.001040643647157724
2024-07-01,2090301.43,0.00732786061471824
2024-07-02,2100670.49,0.004960557291490808
2024-07-05,2188812.65,0.04195906041408692
2024-07-06,2226443.08,0.01719216580733862
2024-07-07,2221299.33,-0.002310299349759237
2024-07-08,2217016.89,-0.001927898659204952
2024-07-09,2209340.54,-0.003462467983272877
2024-07-12,2200257.04,-0.004111407832130709
2024-07-13,2201134.14,0.0003986352430895845
2024-07-16,2202679.22,0.0007019472243523506
2024-07-19,2192413.99,-0.004660338149465093
2024-07-20,2172192.11,-0.009223568218518996
2024-07-21,2168997.55,-0.001470661819133467
2024-07-22,2177962.23,0.004133098260069579
2024-07-23,2175315.36,-0.001215296557277812
2024-07-26,2160964.04,-0.006597351475511992
2024-07-28,2131749.29,-0.01351931335238687
2024-07-29,2120430.36,-0.00530969099091394
2024-07-30,2068372.38,-0.02455066715796317
2024-08-02,2006666.01,-0.0298332981994277
2024-08-03,2005608.39,-0.0005270533286204637
2024-08-04,2004512.25,-0.0005465374025483971
2024-08-05,2002613.96,-0.0009470084306044679
2024-08-09,2003843.7,0.0006140674261554402
2024-08-10,2003375.92,-0.0002334413607208985
2024-08-11,1998653.11,-0.002357425759614729
2024-08-12,1991084.89,-0.003786660107316098
2024-08-13,1998118.88,0.003532742393519861
2024-08-16,2012357.5,0.007126012442262741
2024-08-18,2038043.05,0.0127639099911423
2024-08-19,2032554.13,-0.002693230645937628
2024-08-20,2037208.89,0.002290103831084744
2024-08-23,2052290.65,0.00740314853034052
2024-08-25,2063271.97,0.005350762573517631
2024-08-26,2068025.51,0.002303884349284413
2024-08-27,2076253.07,0.0039784615616274
2024-08-30,2098636.95,0.01078090157863087
2024-08-31,2110504.81,0.005655032424736417
2024-09-06,2101652.09,-0.00419459835298841
2024-09-07,2088087.57,-0.006454217643606208
2024-09-08,2096049.72,0.003813130308514712
2024-09-09,2088352.48,-0.00367226021718603
2024-09-10,2084593.36,-0.001800040958602867
2024-09-13,2075472.75,-0.00437524659485633
2024-09-14,2065548.82,-0.004781527485725801
2024-09-15,2067565.97,0.0009765685422047365
2024-09-16,2084152.01,0.008022012472956419
2024-09-17,2097004.54,0.006166791068181299
2024-09-21,2098921.66,0.0009142183354549083
2024-09-22,2116537.72,0.008392909719174613
2024-09-23,2152668.32,0.0170706147396229
2024-09-24,2155023.38,0.001094018980127842
2024-09-27,2146848.33,-0.003793485525897089
2024-09-28,2139990.39,-0.003194422216123649
2024-10-05,2101758.24,-0.01786557088230656
2024-10-06,2093950.38,-0.003714918229605901
2024-10-07,2097383.01,0.001639308186471844
2024-10-08,2099699.32,0.001104381025762269
2024-10-11,2113868.38,0.006748137633344697
2024-10-12,2114707.67,0.0003970398573254208
2024-10-13,2090793.24,-0.01130862215107009
2024-10-14,2069261.94,-0.01029814884995517
2024-10-15,2065768.75,-0.001688133306119721
2024-10-18,2041076.7,-0.0119529594007074
2024-10-19,2021114.41,-0.009780274303263559
2024-10-20,2007281.21,-0.006844342869239184
2024-11-04,2024579.26,0.008617651534734483
2024-11-15,2192459.6,0.08292110035741462
2024-11-16,2211820.98,0.008830894763123487
2024-11-17,2255452.26,0.01972640660999603
2024-11-18,2269704.23,0.00631889676973274
2024-11-19,2257613.78,-0.005326883494419121
2024-11-22,2282058.78,0.010827804213704
2024-11-23,2331194.73,0.02153141296386774
2024-11-24,2389125.37,0.02485019344565864
2024-11-25,2414976.66,0.01082039909860399
2024-11-26,2426155.76,0.004629071653222461
2024-11-29,2414969.03,-0.004610886977841844
2024-11-30,2399449.72,-0.006426297731859321
2024-12-01,2460408.31,0.02540523749753754
2024-12-02,2489360.41,0.01176719322655839
2024-12-03,2501777.67,0.004988132674609291
2024-12-31,2788210.32,0.1144916486523759
2025-01-03,2849940.19,0.02213960315590535
2025-02-04,2804034.96,-0.01610743627570654
2025-02-08,2821666.17,0.006287799635707803
2025-02-10,2784343.92,-0.01322702536423714
2025-02-14,2726564.86,-0.02075140918654905
2025-02-15,2678885.2,-0.01748708079513639
2025-02-16,2701040.65,0.008270399194411082
2025-02-17,2719338.74,0.006774459318115156
2025-02-18,2732228.32,0.004739968511609405
2025-02-21,2714126.52,-0.006625288182357969
2025-02-22,2735823.13,0.007993956744507313
2025-02-23,2792687.06,0.02078494379861473
2025-02-24,2840956.46,0.01728421372067368
2025-02-25,2843968.31,0.001060153523084972
2025-02-28,2854314.78,0.003638039834557683
2025-03-01,2870947.58,0.005827247967373994
2025-03-02,2813454.84,-0.02002570175802376
2025-03-03,2805344.07,-0.002882850609395304
2025-03-04,2789970.5,-0.00548010141230193
2025-03-07,2756970.28,-0.01182816090707772
2025-03-08,2722174.29,-0.0126210972430213
2025-03-09,2724772.4,0.0009544245603758661
2025-03-10,2688503.54,-0.01331078515034867
2025-03-11,2694660.6,0.002290143906598763
2025-03-14,2737429.41,0.01587168714308596
2025-03-15,2753661.09,0.005929533722661251
2025-03-16,2744110.94,-0.003468164631690307
2025-03-17,2709764.1,-0.01251656392580103
2025-03-24,2740716.18,0.01142242603332155
2025-03-25,2766290.4,0.009331217944646752
2025-03-28,2778057.34,0.004253689345124378
2025-03-29,2810706.78,0.01175261558856078
2025-04-04,2795326.19,-0.005472143202358448
2025-04-05,2773820.76,-0.007693352595820047
2025-04-06,2746860.04,-0.009719705176624238
2025-04-07,2806102.75,0.02156742940568601
2025-04-08,2830538.62,0.008708116621887863
2025-04-11,2845797.48,0.005390797317579077
2025-04-12,2908647.68,0.02208526799313915
2025-04-13,2971211.21,0.02150949062349139
2025-04-14,2943603.12,-0.009291863838922443
2025-04-15,2966904.63,0.007915982233365648
2025-04-18,3012867.33,0.0154918023098034
2025-04-19,3077923.9,0.02159290897153432
2025-04-20,3137327.65,0.01929994110640609
2025-04-21,3132631.14,-0.001496977849922643
2025-04-22,3136733.73,0.001309630727861499
2025-04-25,3151912.3,0.004838973054942741
2025-04-26,3117241.91,-0.01099979526714612
2025-04-27,3129577.9,0.003957341251067614
2025-04-28,3136305.58,0.002149708431926189
2025-04-29,3178649.01,0.01350105368240295
2025-05-02,3116798.4,-0.01945814394902312
2025-05-03,3092797.71,-0.007700430672705649
2025-05-04,3097608.67,0.001555536588909279
2025-05-05,3110819.64,0.004264893150625282
2025-05-06,3169504.23,0.018864671305727
2025-05-09,3115508.04,-0.01703616278183673
2025-05-10,3091092.29,-0.007836843842649821
2025-05-11,3170888.81,0.02581499111435459
2025-05-12,3206845.42,0.0113395997635124
2025-05-13,3236943.2,0.009385478892213195
2025-05-16,3241273.42,0.001337749763418605
2025-05-17,3252219.41,0.003377064684657149
2025-05-18,3225561.67,-0.008196783992504453
2025-05-19,3166989.11,-0.01815887153693763
2025-05-20,3108118.99,-0.01858867143373277
2025-05-23,3134383.27,0.008450217023383555
2025-05-24,3102012.78,-0.01032754682869408
2025-05-25,3109345.77,0.002363945773298903
2025-05-26,3134259.93,0.008012669494779301
2025-05-27,3129403.18,-0.001549568353764408
2025-05-30,3143363.45,0.004461000771399437
2025-05-31,3106994.91,-0.0115699442900884
2025-06-01,3125266.72,0.005880862547019694
2025-06-02,3101955.06,-0.00745909456329541
2025-06-06,3041620.22,-0.01945058481923978
2025-06-07,3035752.31,-0.001929205349640917
2025-06-08,2989578.7,-0.01520993983860297
2025-06-09,2988256.37,-0.0004423131593759289
2025-06-10,2984605.44,-0.001221759296375247
2025-06-27,2922629.09,-0.02076534109647676
2025-06-28,2844743.28,-0.02664922834939687
2025-06-29,2789093.75,-0.01956223269468438
2025-06-30,2731681.89,-0.02058441384410259
2025-07-08,2637550.86,-0.03445900137369229
2025-07-11,2677658.32,0.01520632667534616
2025-07-12,2707705.02,0.01122125992535161
2025-07-14,2734260.33,0.009807312762599274
2025-07-15,2785692.61,0.0188103083805482
2025-07-18,2801514.64,0.005679747271182256
2025-07-19,2824277.42,0.008125169033562418
2025-07-20,2838901.96,0.005178152789254042
2025-07-21,2843904.05,0.001761980537010155
2025-07-22,2836979.62,-0.002434832497249628
2025-07-25,2825157.52,-0.004167143082966507
2025-07-26,2811281.93,-0.004911439415951513
2025-07-27,2768848.37,-0.01509402509480795
2025-07-28,2733889.83,-0.01262566068217019
2025-07-29,2681859.14,-0.01903174349933479
2025-08-01,2655177.24,-0.009949031103848371
2025-08-02,2639421.14,-0.005934104798216766
2025-08-03,2624673.28,-0.005587535757935247
2025-08-04,2589428.17,-0.01342837993153945
2025-08-05,2554877.26,-0.01334306562363541
2025-08-07,2554877.26,0.0
2025-08-09,2571049.05,0.006329771787158212
2025-08-10,2562315.12,-0.003397029706609378
2025-08-11,2540766.81,-0.008409703331103136
2025-08-12,2510160.43,-0.01204611925798882
2025-08-14,2466979.21,-0.01720257378131018
2025-08-16,2454394.42,-0.005101295523280869
2025-08-17,2500131.74,0.0186348696148031
2025-08-18,2513420.86,0.005315367901372881
2025-08-19,2494135.26,-0.007673048436464436
2025-08-20,2475213.34,-0.007586565293174918
2025-08-23,2470967.69,-0.001715266288925155
2025-08-25,2438038.76,-0.0133263296534647
2025-08-26,2416298.07,-0.00891728645035983
2025-08-27,2431039.36,0.006100774644909546
2025-08-30,2395694.65,-0.01453892955480574
2025-08-31,2430150.28,0.01438231287113312
2025-09-02,2477159.06,0.01934398065291676
2025-09-03,2523539.18,0.01872310936706678
2025-09-06,2542851.08,0.007652704643166919
2025-09-07,2570656.98,0.0109349305662052
2025-09-08,2623296.18,0.02047694438018732
2025-09-09,2629182.76,0.002243963165455387
2025-09-13,2630492.9,0.0004983069339767887
2025-09-14,2676990.56,0.01767640581732799
2025-09-15,2677044.78,2.025408711170407e-05
2025-09-16,2630807.8,-0.0172716498227572
2025-09-17,2593170.56,-0.01430634347366611
2025-09-20,2542595.36,-0.01950322928238091
2025-09-21,2504453.28,-0.01500123873426717
2025-09-22,2540173.63,0.01426273362144737
2025-09-23,2544273.48,0.001614003842721701
2025-09-24,2524256.05,-0.007867640863827297
2025-09-27,2577526.31,0.0211033504307141
2025-09-28,2639372.97,0.02399457951604766
2025-09-29,2700533.41,0.02317233702669919
2025-09-30,2735177.17,0.01282848783566792
2025-10-01,2728484.96,-0.002446719018205257
2025-10-04,2793333.85,0.0237673620894725
2025-10-05,2854059.46,0.02173947449926183
2025-10-06,2890697.33,0.01283710816592443
2025-10-07,2932143.1,0.01433763734787141
2025-10-08,2926059.19,-0.002074902142395474
2025-10-11,2950342.59,0.008299011887042518
2025-10-12,3018752.14,0.0231869852104194
2025-10-13,3042933.8,0.008010482106026728
2025-10-14,3016113.64,-0.008813915044750487
2025-10-15,2974531.38,-0.01378670201564425
2025-10-18,3048978.44,0.02502816426834942
2025-10-19,3087820.24,0.01273928325973994
2025-10-20,3056677.31,-0.01008573284045844
2025-10-21,3052285.93,-0.001436651486119711
2025-10-22,3079823.96,0.009022100363972108
2025-10-25,3060106.96,-0.006401989287725396
2025-10-26,3084243.77,0.007887570701123447
2025-10-27,3127645.03,0.01407192921070566
2025-10-28,3175617.73,0.0153382815312646
2025-10-29,3209111.99,0.01054732113490253
2025-11-01,3207448.98,-0.0005182150093803184
2025-11-02,3217613.37,0.003168995068473457
2025-11-03,3265335.31,0.01483147119071049
2025-11-04,3224331.71,-0.01255724025475358
2025-11-05,3202889.66,-0.006650075714449311
2025-11-08,3224031.34,0.006600814340884886
2025-11-09,3151335.48,-0.02254812448566335
2025-11-10,3114579.59,-0.01166359158942998
2025-11-11,3106963.36,-0.00244534768816107
2025-11-12,3098763.2,-0.002639284423360477
2025-11-15,3105525.39,0.002182222249186294
2025-11-16,3139588.54,0.01096856271395663
2025-11-17,3175112.56,0.01131486484531496
2025-11-18,3160181.18,-0.004702630132898289
2025-11-19,3168563.05,0.002652338433329904
2025-11-22,3197705.35,0.009197323689045911
2025-11-23,3251300.75,0.01676058114610224
2025-11-25,3303819.58,0.01615317500234337
2025-11-26,3282354.21,-0.006497137473832626
2025-11-29,3273042.73,-0.002836829727770329
2025-11-30,3274378.13,0.0004079995619243881
2025-12-01,3314815.11,0.01234951444047172
2025-12-02,3340283.71,0.007683264120272426
2025-12-03,3379856.28,0.01184706852341
2025-12-06,3446788.24,0.01980319707558698
2025-12-07,3450595.46,0.001104570323124943
2025-12-08,3482325.41,0.009195499839903087
2025-12-09,3507226.47,0.007150698762526053
2025-12-10,3561477.16,0.0154682597385849
2025-12-13,3628367.03,0.01878149627105841
2025-12-14,3656074.69,0.007636399452124909
2025-12-15,3728598.25,0.01983645470875217
2025-12-16,3760937.65,0.00867333990729624
2025-12-17,3767482.92,0.001740329303252297
2025-12-20,3860983.11,0.0248176811907086
2025-12-21,3898234.62,0.00964819294430952
2025-12-22,3909125.05,0.002793682541355036
2025-12-23,3935777.58,0.006818029523000257
2025-12-24,4028560.04,0.02357411162446832
2025-12-27,4099423.84,0.01759035469159831
2025-12-28,4160624.52,0.01492909306006274
2025-12-29,4123626.26,-0.00889247751681288
2025-12-30,4021368.68,-0.02479797478057566
2025-12-31,4070064.37,0.01210923291917609
2026-01-04,4071036.17,0.0002387677224868767
2026-01-05,4176084.88,0.02580392450799573
2026-01-06,4287955.78,0.02678846412719471
2026-01-07,4360688.61,0.0169621222166616
2026-01-28,3981618.49,-0.08692895868113826
2026-01-31,3924581.55,-0.01432506407714629
2026-02-01,3959778.31,0.008968283510378372
2026-02-02,4052895.0,0.02351563211628371
2026-02-03,4059339.46,0.001590088072846774
2026-02-07,4163982.23,0.02577827526648879
2026-02-08,4174383.17,0.002497834867080995
2026-02-09,4068588.04,-0.02534389529938619
2026-02-10,4029819.86,-0.009528657022744524
2026-02-14,3986105.56,-0.01084770573342697
2026-02-15,3881867.24,-0.02615041634772963
2026-02-16,3822568.12,-0.01527592685008983
2026-02-17,3847541.89,0.006533243938632527
2026-02-18,3806765.62,-0.01059800547096834
2026-02-21,3703622.86,-0.02709459165494943
2026-02-22,3618482.23,-0.02298847188776665
2026-02-23,3680191.59,0.01705393479298634
2026-02-24,3652290.22,-0.007581499309931239
2026-02-25,3713955.87,0.01688410457151446
2026-02-28,3692894.23,-0.005670945142382644
2026-05-06,3713955.87,0.005703288176764243
2026-05-19,3716477.98,0.0006790899214426105
2026-05-20,3761304.54,0.01206157018586729
2026-05-23,3831772.46,0.01873496794811502
2026-05-24,3909790.78,0.02036089585549128
2026-05-25,3993142.74,0.02131877757407796
2026-05-26,4073652.39,0.0201619764787071
2026-05-30,4153376.26,0.01957061191468035
2026-05-31,4236521.11,0.02001861733567112
2026-06-01,4300178.48,0.01502585927159461
2026-06-02,4344624.4,0.01033583145600048
2026-06-03,4359000.8,0.003309008714309059
2026-06-06,4391866.91,0.007539826558416785
2026-06-07,4493609.45,0.02316612549627561
2026-06-08,4426011.91,-0.01504303850883171
2026-06-09,4540874.45,0.02595170151722437
2026-06-10,4593052.38,0.01149072289369291
2026-06-13,4696228.69,0.02246356049612497
2026-06-14,4818830.63,0.02610646714481013
2026-06-15,4980429.59,0.03353489101566542
2026-06-16,5100249.42,0.02405813149945568
2026-06-17,5151094.05,0.009969047749041282
2026-06-20,5160183.14,0.001764497000399379
2026-06-21,5125976.1,-0.006629036038438008
2026-06-22,5072677.37,-0.01039777185071145
2026-06-23,5160903.68,0.01739245443082438
2026-06-27,5176357.46,0.002994394191057737
2026-06-28,5075580.98,-0.01946860910954162
2026-06-29,5059229.22,-0.003221652863865998
2026-06-30,5127635.31,0.01352104975389912
2026-07-01,5187264.87,0.01162905635736422
2026-07-07,5311523.73,0.02395460095331514
2026-07-08,5286856.14,-0.004644164509832849
2026-07-11,5182613.78,-0.01971726811541341
2026-07-12,5055648.31,-0.02449834685539709
2026-07-13,4966760.76,-0.01758183017283488
2026-07-14,4924683.63,-0.008471744872205145
2026-07-15,4893834.55,-0.006264174984170534
2026-07-18,4777284.58,-0.02381567435703358
2026-07-19,4755500.3,-0.00455997117927609
2026-07-20,4813503.4,0.01219705527092496
2026-07-21,4887551.71,0.01538345438792033
2026-07-22,4884000.87,-0.0007265068915249806
2026-07-25,4894453.18,0.002140112231388658
2026-07-26,5002329.94,0.0220406153726862
2026-07-27,5052068.38,0.009943054655846995
2026-07-28,5109003.96,0.01126975640816652
2026-07-29,5075098.64,-0.006636385539227518
2026-08-01,5054786.66,-0.004002282800950496
2026-08-02,5154057.38,0.0196389534667325
2026-08-03,5277352.62,0.02392197659235218
2026-08-05,5407901.78,0.02473762308496275
2026-08-08,5520340.74,0.02079160542741953
2026-08-09,5654177.03,0.0242442081573393
2026-08-10,5654177.03,0.0
2026-08-11,5736485.31,0.01455707516112192
2026-08-15,5736647.94,2.835011182145131e-05
2026-08-16,5766380.77,0.00518296229975701
2026-08-17,5897971.58,0.02282034698169966
2026-08-18,5947560.08,0.008407721082982933
2026-08-19,5952686.01,0.0008618542614200475
2026-08-22,6061596.32,0.01829599441614094
2026-08-23,6070020.19,0.001389711481149858
2026-08-24,6099956.47,0.004931825440929849
2026-08-25,6223878.53,0.0203152367741406
2026-08-26,6386575.54,0.02614077527634517
2026-08-29,6516183.93,0.02029387880692002
2026-08-31,6547963.76,0.004877061535001781
2026-09-01,6583932.28,0.005493084769302436
2026-09-02,6504009.87,-0.01213900851361738
2026-09-05,6601298.71,0.01495828603347427
2026-09-06,6723575.94,0.01852320814005415
2026-09-07,6907617.48,0.02737256805639654
2026-09-08,7074944.81,0.02422359525327966
2026-09-09,7122287.09,0.006691540537967944
2026-09-12,7277587.32,0.02180482589897959
2026-09-13,7431451.09,0.02114214000251935
2026-09-14,7393247.14,-0.005140846590702686
2026-09-15,7521963.28,0.01740996040881715
2026-09-16,7557733.07,0.004755379502464185
2026-09-19,7448839.41,-0.01440824371427563
2026-09-20,7291825.0,-0.02107904350699386
2026-09-21,7280429.55,-0.001562770636980515
2026-09-22,7167405.51,-0.01552436421831727
2026-09-23,7257043.42,0.01250632601642776
