<DTYYYYMMDD>,<CLOSE>
20260928,1486.0
20260927,1456.0
20260926,1448.0
20260923,1480.0
20260922,1444.0
20260921,1483.0
20260920,1515.0
20260919,1561.0
20260916,1593.0
20260915,1574.0
20260914,1531.0
20260913,1557.0
20260912,1515.0
20260909,1502.0
20260908,1537.0
20260907,1514.0
20260906,1471.0
20260905,1486.0
20260902,1519.0
20260901,1565.0
20260831,1554.0
20260829,1532.0
20260826,1488.0
20260825,1446.0
20260824,1424.0
20260823,1390.0
20260822,1357.0
20260819,1330.0
20260818,1310.0
20260817,1319.0
20260816,1282.0
20260815,1254.0
20260811,1289.0
20260810,1293.0
20260809,1280.0
20260808,1271.0
20260805,1234.0
20260803,1199.0
20260802,1165.0
20260801,1133.0
20260729,1134.0
20260728,1164.0
20260727,1171.0
20260726,1202.0
20260725,1072.0
20260722,1118.0
20260721,1118.0
20260720,1118.0
20260719,1086.0
20260718,1106.0
20260715,1140.0
20260714,1162.0
20260713,1196.0
20260712,1232.0
20260711,1270.0
20260708,1309.0
20260707,1340.0
20260701,1303.0
20260630,1284.0
20260629,1252.0
20260628,1256.0
20260627,1293.0
20260623,1327.0
20260622,1293.0
20260621,1330.0
20260620,1367.0
20260617,1405.0
20260616,1393.0
20260615,1355.0
20260614,1316.0
20260613,1278.0
20260610,1241.0
20260609,1206.0
20260608,1171.0
20260607,1207.0
20260606,1172.0
20260603,1155.0
20260602,1171.0
20260601,1146.0
20260531,1113.0
20260530,1081.0
20260526,1050.0
20260525,1020.0
20260524,991.0
20260523,963.0
20260520,935.0
20260519,914.0
20260518,869.0
20260517,869.0
20260516,869.0
20260513,869.0
20260512,869.0
20260511,869.0
20260510,869.0
20260509,869.0
20260506,869.0
20260505,869.0
20260504,869.0
20260503,869.0
20260502,869.0
20260429,869.0
20260428,869.0
20260427,869.0
20260426,869.0
20260425,869.0
20260422,869.0
20260421,869.0
20260420,869.0
20260419,869.0
20260418,869.0
20260415,869.0
20260413,869.0
20260412,869.0
20260411,869.0
20260408,869.0
20260407,869.0
20260406,869.0
20260405,869.0
20260404,1236.0
20260331,1236.0
20260330,1236.0
20260329,1236.0
20260328,1236.0
20260325,1236.0
20260318,1236.0
20260317,1236.0
20260316,1236.0
20260315,1236.0
20260314,1236.0
20260310,1236.0
20260309,1236.0
20260308,1236.0
20260307,1236.0
20260304,1236.0
20260303,1236.0
20260302,1236.0
20260228,1236.0
20260225,1236.0
20260224,1205.0
20260223,1224.0
20260222,1192.0
20260221,1227.0
20260218,1264.0
20260217,1292.0
20260216,1282.0
20260215,1299.0
20260214,1339.0
20260210,1318.0
20260209,1311.0
20260208,1347.0
20260207,1319.0
20260203,1281.0
20260202,1294.0
20260201,1259.0
20260131,1255.0
20260128,1285.0
20260127,1323.0
20260126,1363.0
20260125,1405.0
20260124,1448.0
20260121,1492.0
20260120,1474.0
20260119,1500.0
20260118,1533.0
20260114,1528.0
20260113,1575.0
20260112,1612.0
20260111,1568.0
20260110,1595.0
20260107,1642.0
20260106,1604.0
20260105,1558.0
20260104,1513.0
20251231,1552.0
20251230,1531.0
20251229,1578.0
20251228,1620.0
20251227,1585.0
20251224,1541.0
20251223,1498.0
20251222,1468.0
20251221,1477.0
20251220,1453.0
20251217,1411.0
20251216,1407.0
20251215,1393.0
20251214,1354.0
20251213,1365.0
20251210,1363.0
20251209,1327.0
20251208,1312.0
20251207,1280.0
20251206,1247.0
20251203,1211.0
20251202,1193.0
20251201,1187.0
20251130,1172.0
20251129,1178.0
20251126,1207.0
20251125,1234.0
20251123,1200.0
20251122,1191.0
20251119,1189.0
20251118,1192.0
20251117,1209.0
20251116,1205.0
20251115,1183.0
20251112,1178.0
20251111,1174.0
20251110,1178.0
20251109,1207.0
20251108,1244.0
20251105,1262.0
20251104,1295.0
20251103,1320.0
20251102,1292.0
20251101,1289.0
20251029,1266.0
20251028,1264.0
20251027,1264.0
20251026,1252.0
20251025,1243.0
20251022,1217.0
20251021,1189.0
20251020,1200.0
20251019,1228.0
20251018,1233.0
20251015,1199.0
20251014,1234.0
20251013,1255.0
20251012,1251.0
20251011,1217.0
20251008,1191.0
20251007,1197.0
20251006,1167.0
20251005,1150.0
20251004,1118.0
20251001,1086.0
20250930,1098.0
20250929,1077.0
20250928,1046.0
20250927,1016.0
20250924,989.0
20250923,1010.0
20250922,1009.0
20250921,980.0
20250920,998.0
20250917,1028.0
20250916,1057.0
20250915,1086.0
20250914,1062.0
20250913,1033.0
20250909,1036.0
20250908,1039.0
20250907,1010.0
20250906,1004.0
20250903,1012.0
20250902,983.0
20250831,956.0
20250830,931.0
20250827,956.0
20250826,955.0
20250825,980.0
20250823,1004.0
20250820,1008.0
20250819,1024.0
20250818,1045.0
20250817,1031.0
20250816,1002.0
20250813,1008.0
20250812,1036.0
20250811,1046.0
20250810,1046.0
20250809,1045.0
20250806,1015.0
20250805,1040.0
20250804,1196.0
20250803,1196.0
20250802,2350.0
20250730,2350.0
20250729,2350.0
20250728,2350.0
20250727,2350.0
20250726,2350.0
20250723,2440.0
20250722,2440.0
20250721,2440.0
20250720,2440.0
20250719,2430.0
20250716,2417.0
20250715,2402.0
20250714,2373.0
20250713,2337.0
20250712,2281.0
20250709,2215.0
20250708,2245.0
20250707,2301.0
20250702,2237.0
20250701,2199.0
20250630,2267.0
20250629,2337.0
20250628,2409.0
20250625,2483.0
20250624,2483.0
20250623,2483.0
20250622,2483.0
20250621,2483.0
20250618,2483.0
20250616,2483.0
20250615,2483.0
20250611,2483.0
20250610,2504.0
20250609,2529.0
20250608,2585.0
20250607,2527.0
20250603,2596.0
20250602,2663.0
20250601,2674.0
20250531,2739.0
20250528,2765.0
20250527,2724.0
20250526,2645.0
20250525,2586.0
20250524,2651.0
20250521,2587.0
20250520,2662.0
20250519,2741.0
20250518,2824.0
20250517,2808.0
20250514,2734.0
20250513,2657.0
20250512,2580.0
20250511,2505.0
20250510,2578.0
20250507,2653.0
20250506,2601.0
20250505,2632.0
20250504,2594.0
20250503,2657.0
20250430,2739.0
20250429,2661.0
20250428,2672.0
20250427,2660.0
20250426,2740.0
20250423,2805.0
20250422,2889.0
20250421,2967.0
20250420,2911.0
20250419,2827.0
20250416,2748.0
20250415,2682.0
20250414,2672.0
20250413,2595.0
20250412,2520.0
20250409,2448.0
20250408,2379.0
20250407,2310.0
20250406,2368.0
20250405,2412.0
20250330,2345.0
20250329,2280.0
20250326,2228.0
20250325,2164.0
20250318,2101.0
20250317,2159.0
20250316,2180.0
20250315,2120.0
20250312,2060.0
20250311,2057.0
20250310,2114.0
20250309,2060.0
20250308,2107.0
20250305,2158.0
20250304,2118.0
20250303,2061.0
20250302,2114.0
20250301,2055.0
20250226,1999.0
20250225,1952.0
20250224,3048.0
20250223,3048.0
20250222,3048.0
20250219,3048.0
20250218,3048.0
20250217,2973.0
20250216,2919.0
20250215,2992.0
20250211,3081.0
20250209,3175.0
20250205,3216.0
20250204,3231.0
20250203,3167.0
20250202,3167.0
20250201,3146.0
20250129,3231.0
20250127,3211.0
20250126,3274.0
20250125,3334.0
20250122,3273.0
20250121,3183.0
20250120,3118.0
20250119,3158.0
20250118,3172.0
20250115,3258.0
20250113,3189.0
20250112,3106.0
20250111,3201.0
20250108,3287.0
20250107,3264.0
20250106,3234.0
20250105,3307.0
20250104,3324.0
20250101,3230.0
20241231,3154.0
20241230,3075.0
20241229,3142.0
20241228,3235.0
20241225,3310.0
20241224,3399.0
20241223,3368.0
20241222,3362.0
20241221,3303.0
20241218,3208.0
20241217,3276.0
20241216,3282.0
20241215,3196.0
20241214,3103.0
20241211,3013.0
20241210,2957.0
20241209,2876.0
20241208,2793.0
20241207,2816.0
20241204,2814.0
20241203,2740.0
20241202,2666.0
20241201,2590.0
20241130,2633.0
20241127,2624.0
20241126,2580.0
20241125,2528.0
20241124,2455.0
20241123,2384.0
20241120,2319.0
20241119,2382.0
20241118,2409.0
20241117,2349.0
20241116,2326.0
20241113,2260.0
20241112,2250.0
20241111,2204.0
20241110,2143.0
20241109,2081.0
20241106,2022.0
20241105,2006.0
20241104,1948.0
20241103,1990.0
20241102,2051.0
20241030,2047.0
20241029,2010.0
20241028,1998.0
20241027,1940.0
20241026,1884.0
20241023,1830.0
20241022,1880.0
20241021,1851.0
20241020,1901.0
20241019,1951.0
20241016,2001.0
20241015,2022.0
20241014,2084.0
20241013,2136.0
20241012,2146.0
20241009,2140.0
20241008,2150.0
20241007,2163.0
20241006,2184.0
20241005,2186.0
20241002,2191.0
20241001,2213.0
20240930,2235.0
20240929,2244.0
20240928,2263.0
20240925,2285.0
20240924,2222.0
20240923,2158.0
20240922,2106.0
20240918,2104.0
20240917,2065.0
20240916,2013.0
20240915,2009.0
20240914,2023.0
20240911,2030.0
20240910,2029.0
20240909,2037.0
20240908,2010.0
20240907,2045.0
20240903,2086.0
20240901,2092.0
20240831,2056.0
20240828,2016.0
20240827,2002.0
20240826,1993.0
20240824,1988.0
20240821,1952.0
20240820,1943.0
20240819,1979.0
20240818,1965.0
20240817,1927.0
20240814,1890.0
20240813,1872.0
20240812,1890.0
20240811,1905.0
20240810,1918.0
20240806,1918.0
20240805,1927.0
20240804,1926.0
20240803,1918.0
20240731,2010.0
20240730,2084.0
20240729,2093.0
20240727,2130.0
20240724,2143.0
20240723,2140.0
20240722,2124.0
20240721,2135.0
20240720,2177.0
20240717,2191.0
20240714,2190.0
20240713,2192.0
20240710,2234.0
20240709,2242.0
20240708,2281.0
20240707,2349.0
20240706,2263.0
20240703,2135.0
20240702,2130.0
20240701,2126.0
20240630,2127.0
20240629,2178.0
20240626,2183.0
20240624,2147.0
20240623,2151.0
20240622,2167.0
20240619,2258.0
20240618,2258.0
20240616,2258.0
20240615,2256.0
20240612,2256.0
20240611,2225.0
20240610,2203.0
20240609,2160.0
20240608,2129.0
20240605,2156.0
20240602,2140.0
20240601,2148.0
20240529,2122.0
20240528,2082.0
20240527,2042.0
20240526,2076.0
20240525,2116.0
20240521,2145.0
20240520,2156.0
20240519,2156.0
20240518,2246.0
20240515,2195.0
20240514,2192.0
20240513,2186.0
20240512,2252.0
20240511,2273.0
20240508,2296.0
20240507,2304.0
20240506,2318.0
20240505,2365.0
20240501,2372.0
20240430,2368.0
20240429,2394.0
20240428,2399.0
20240427,2458.0
20240424,2479.0
20240423,2483.0
20240422,2518.0
20240421,2547.0
20240420,2519.0
20240417,2399.0
20240416,2389.0
20240415,2406.0
20240414,2383.0
20240413,2407.0
20240409,2516.0
20240408,2524.0
20240407,2470.0
20240406,2312.0
20240403,2364.0
20240402,2360.0
20240330,2410.0
20240327,2421.0
20240326,2440.0
20240325,2472.0
20240324,2456.0
20240318,2386.0
20240317,2289.0
20240316,2258.0
20240313,2282.0
20240312,2304.0
20240311,2249.0
20240310,2240.0
20240309,2253.0
20240306,2273.0
20240305,2277.0
20240304,2272.0
20240303,2335.0
20240302,2248.0
20240228,2199.0
20240227,2189.0
20240226,2199.0
20240224,2244.0
20240221,2254.0
20240220,2255.0
20240219,2255.0
20240218,2247.0
20240217,2226.0
20240214,2275.0
20240213,2342.0
20240212,2327.0
20240210,2354.0
20240207,2350.0
20240206,2353.0
20240205,2361.0
20240204,2378.0
20240203,2394.0
20240131,2379.0
20240130,2398.0
20240129,2429.0
20240128,2454.0
20240127,2457.0
20240124,2454.0
20240123,2453.0
20240122,2476.0
20240121,2480.0
20240120,2494.0
20240117,2521.0
20240116,2521.0
20240115,2522.0
20240114,2514.0
20240113,2493.0
20240110,2488.0
20240109,2387.0
20240108,2387.0
20240107,2387.0
20240106,4802.0
20240103,4802.0
20240102,4802.0
20240101,4802.0
20231231,4802.0
20231230,4802.0
20231227,4802.0
20231226,4802.0
20231225,4831.0
20231224,4806.0
20231223,4803.0
20231220,4769.0
20231219,4784.0
20231218,4779.0
20231216,4601.0
20231213,4565.0
20231212,4525.0
20231211,4546.0
20231210,4571.0
20231209,4601.0
20231206,4645.0
20231205,4709.0
20231204,4709.0
20231203,4662.0
20231202,4657.0
20231129,4537.0
20231128,4407.0
20231127,4396.0
20231126,4397.0
20231125,4397.0
20231122,4404.0
20231121,4473.0
20231120,4466.0
20231119,4463.0
20231118,4471.0
20231115,4590.0
20231114,4671.0
20231113,4704.0
20231112,4677.0
20231111,4668.0
20231108,4674.0
20231107,4649.0
20231106,4620.0
20231105,4617.0
20231104,4609.0
20231101,4504.0
20231031,4538.0
20231030,4537.0
20231029,4462.0
20231028,4403.0
20231025,4590.0
20231024,4587.0
20231023,4523.0
20231022,4412.0
20231021,4412.0
20231018,4412.0
20231017,4379.0
20231016,4349.0
20231015,4314.0
20231014,4313.0
20231011,4352.0
20231010,4351.0
20231009,4347.0
20231008,4347.0
20231007,4477.0
20231004,4514.0
20231002,4512.0
20231001,4485.0
20230930,4494.0
20230927,4566.0
20230926,4503.0
20230925,4504.0
20230923,4534.0
20230920,4539.0
20230919,4573.0
20230918,4615.0
20230917,4660.0
20230913,4672.0
20230912,4688.0
20230911,4685.0
20230910,4716.0
20230909,4735.0
20230905,4792.0
20230904,4725.0
20230903,4689.0
20230902,4740.0
20230830,4760.0
20230829,4702.0
20230828,4699.0
20230827,4674.0
20230826,4529.0
20230823,4413.0
20230822,4391.0
20230821,4438.0
20230820,4421.0
20230819,4419.0
20230816,4465.0
20230815,4465.0
20230814,4548.0
20230813,4507.0
20230812,4491.0
20230809,4590.0
20230808,4608.0
20230807,4644.0
20230806,4549.0
20230805,4549.0
20230801,4549.0
20230731,4483.0
20230730,4437.0
20230729,4562.0
20230726,4591.0
20230725,4621.0
20230724,4587.0
20230723,4433.0
20230722,4343.0
20230719,4464.0
20230718,4360.0
20230717,4121.0
20230716,4315.0
20230715,4483.0
20230712,4432.0
20230711,4592.0
20230710,4667.0
20230709,4760.0
20230708,4813.0
20230705,4824.0
20230704,4833.0
20230703,4823.0
20230702,4845.0
20230701,4858.0
20230628,4800.0
20230627,4710.0
20230626,4680.0
20230625,4780.0
20230624,4920.0
20230621,5260.0
20230620,5260.0
20230619,5260.0
20230618,5330.0
20230617,5450.0
20230614,5280.0
20230613,5220.0
20230612,5200.0
20230611,5110.0
20230610,5030.0
20230607,5290.0
20230606,5270.0
20230603,5120.0
20230531,5030.0
20230530,5040.0
20230529,5000.0
20230528,4820.0
20230527,4950.0
20230524,5050.0
20230523,5125.0
20230522,5092.0
20230521,4765.0
20230520,4621.0
20230517,4550.0
20230515,4302.0
20230514,4193.0
20230513,3990.0
20230510,4122.0
20230509,4110.0
20230508,3906.0
20230507,4164.0
20230506,4445.0
20230503,4161.0
20230502,4116.0
20230501,4116.0
20230430,4040.0
20230429,3881.0
20230426,3877.0
20230425,3969.0
20230424,3948.0
20230419,3967.0
20230418,3979.0
20230417,3759.0
20230416,3625.0
20230415,3581.0
20230411,3347.0
20230410,3436.0
20230409,3586.0
20230408,3613.0
20230405,3491.0
20230404,3468.0
20230403,3449.0
20230329,3392.0
20230328,3403.0
20230327,3310.0
20230326,3316.0
20230325,3401.0
20230319,3387.0
20230318,3410.0
20230315,3206.0
20230314,3200.0
20230313,3218.0
20230312,3216.0
20230311,3297.0
20230307,3096.0
20230306,3036.0
20230305,3063.0
20230304,2975.0
20230301,2965.0
20230228,2996.0
20230227,3004.0
20230226,3032.0
20230225,2882.0
20230222,2698.0
20230221,2764.0
20230220,2580.0
20230219,3476.0
20230215,3476.0
20230214,3476.0
20230213,3476.0
20230212,3476.0
20230208,3476.0
20230207,3476.0
20230206,3321.0
20230205,3229.0
20230201,3286.0
20230131,3229.0
20230130,3055.0
20230129,3024.0
20230128,3210.0
20230125,3323.0
20230124,3456.0
20230123,3560.0
20230122,3594.0
20230121,3615.0
20230118,3608.0
20230117,3651.0
20230116,3600.0
20230115,3408.0
20230114,3408.0
20230111,3390.0
20230110,3503.0
20230109,3445.0
20230108,3474.0
20230107,3317.0
20230104,3170.0
20230103,3125.0
20230102,3073.0
20230101,3019.0
20221231,3099.0
20221228,3258.0
20221226,3094.0
20221225,3102.0
20221224,3095.0
20221221,2954.0
20221220,2878.0
20221219,2917.0
20221218,2989.0
20221217,2902.0
20221214,2833.0
20221213,2871.0
20221212,2827.0
20221211,2690.0
20221210,2626.0
20221207,2674.0
20221206,2659.0
20221205,2657.0
20221204,2704.0
20221203,2723.0
20221130,2746.0
20221129,2777.0
20221128,2752.0
20221127,2758.0
20221126,2776.0
20221123,2800.0
20221122,2740.0
20221121,2743.0
20221120,2745.0
20221119,2723.0
20221116,2806.0
20221115,2814.0
20221114,2833.0
20221113,2880.0
20221112,2928.0
20221109,2962.0
20221108,2967.0
20221107,2959.0
20221106,2767.0
20221105,2734.0
20221102,2628.0
20221101,2618.0
20221031,2583.0
20221030,2544.0
20221029,2511.0
20221026,2502.0
20221025,2514.0
20221024,2511.0
20221023,2552.0
20221022,2560.0
20221019,2566.0
20221018,2574.0
20221017,2581.0
20221016,2587.0
20221015,2593.0
20221012,2592.0
20221011,2586.0
20221010,2558.0
20221009,2549.0
20221008,2578.0
20221004,2571.0
20221003,2574.0
20221002,2583.0
20221001,2598.0
20220928,2675.0
20220926,2611.0
20220924,2596.0
20220921,2644.0
20220920,2688.0
20220919,2700.0
20220918,2687.0
20220914,2732.0
20220913,2744.0
20220912,2722.0
20220911,2734.0
20220910,2794.0
20220907,2880.0
20220906,2902.0
20220905,2942.0
20220904,2937.0
20220903,2966.0
20220831,3033.0
20220830,3039.0
20220829,3080.0
20220828,3069.0
20220827,3118.0
20220824,3162.0
20220823,3162.0
20220822,3119.0
20220821,3179.0
20220820,3174.0
20220817,3222.0
20220816,3189.0
20220815,3137.0
20220814,3046.0
20220813,3063.0
20220810,2892.0
20220809,2944.0
20220806,2905.0
20220803,2743.0
20220802,2722.0
20220801,2709.0
20220731,2675.0
20220730,2722.0
20220727,2740.0
20220726,2731.0
20220725,2712.0
20220724,2762.0
20220723,2710.0
20220720,2557.0
20220719,2541.0
20220717,2530.0
20220716,2565.0
20220713,2624.0
20220712,2593.0
20220711,2631.0
20220709,2722.0
20220706,2762.0
20220705,2828.0
20220704,2856.0
20220703,2857.0
20220702,2896.0
20220629,3008.0
20220628,3015.0
20220627,2958.0
20220626,2959.0
20220625,3942.0
20220622,4042.0
20220621,4042.0
20220620,4042.0
20220619,4042.0
20220618,3956.0
20220615,3833.0
20220614,3786.0
20220613,3751.0
20220612,3675.0
20220611,3681.0
20220608,3708.0
20220607,3696.0
20220606,3715.0
20220601,3807.0
20220531,3741.0
20220530,3752.0
20220529,3733.0
20220528,3847.0
20220525,3883.0
20220524,3861.0
20220523,3862.0
20220522,3956.0
20220521,3945.0
20220518,3807.0
20220517,3822.0
20220516,3776.0
20220515,3738.0
20220514,3781.0
20220511,3772.0
20220510,3715.0
20220509,3739.0
20220508,3832.0
20220507,3712.0
20220502,3689.0
20220501,3714.0
20220430,3636.0
20220427,3660.0
20220426,3699.0
20220425,3643.0
20220424,3699.0
20220420,3771.0
20220419,3771.0
20220418,3715.0
20220417,3655.0
20220416,3723.0
20220413,3721.0
20220412,3731.0
20220411,3911.0
20220410,3963.0
20220409,3807.0
20220406,3927.0
20220405,4013.0
20220404,4077.0
20220403,4010.0
20220330,4007.0
20220329,3972.0
20220328,4001.0
20220327,3832.0
20220326,3804.0
20220319,3703.0
20220316,3527.0
20220315,3527.0
20220314,3432.0
20220313,3425.0
20220312,3410.0
20220309,3588.0
20220308,3481.0
20220307,3612.0
20220306,3646.0
20220305,3500.0
20220302,3335.0
20220228,3410.0
20220227,3405.0
20220226,3395.0
20220223,3539.0
20220222,3480.0
20220221,3511.0
20220220,3356.0
20220219,3228.0
20220216,3081.0
20220214,3100.0
20220213,3084.0
20220212,3154.0
20220209,3236.0
20220208,3212.0
20220207,3060.0
20220206,3075.0
20220205,3191.0
20220202,3086.0
20220201,3022.0
20220131,2879.0
20220130,2742.0
20220129,2742.0
20220126,2742.0
20220125,2742.0
20220124,2757.0
20220123,2755.0
20220122,2853.0
20220119,2853.0
20220118,2867.0
20220117,3011.0
20220116,3119.0
20220115,3180.0
20220112,3294.0
20220111,3279.0
20220110,3214.0
20220109,3138.0
20220108,3185.0
20220105,3066.0
20220104,3058.0
20220103,3134.0
20220102,3147.0
20220101,3157.0
20211229,3238.0
20211228,3113.0
20211227,3114.0
20211226,3080.0
20211225,3137.0
20211222,3085.0
20211221,2955.0
20211220,2822.0
20211219,2688.0
20211218,2766.0
20211215,2699.0
20211214,2711.0
20211213,2734.0
20211212,2831.0
20211211,2908.0
20211208,2918.0
20211207,2855.0
20211206,2891.0
20211205,2843.0
20211204,2845.0
20211201,2960.0
20211130,2995.0
20211129,2863.0
20211128,2902.0
20211127,2914.0
20211124,3047.0
20211123,3153.0
20211122,3200.0
20211121,3053.0
20211120,3048.0
20211117,3172.0
20211116,3138.0
20211115,3181.0
20211114,3334.0
20211113,3360.0
20211110,3530.0
20211109,3328.0
20211108,3328.0
20211107,3328.0
20211106,3328.0
20211103,3328.0
20211102,3328.0
20211101,3328.0
20211031,3328.0
20211030,3328.0
20211027,3328.0
20211026,3328.0
20211025,3328.0
20211023,3328.0
20211020,3503.0
20211019,3561.0
20211018,3483.0
20211017,3509.0
20211016,3583.0
20211013,3432.0
20211012,3503.0
20211011,3639.0
20211010,3645.0
20211009,3667.0
20211006,3760.0
20211004,3794.0
20211003,3737.0
20211002,3773.0
20210929,3679.0
20210928,3684.0
20210926,3734.0
20210925,3793.0
20210922,3662.0
20210921,3663.0
20210920,3803.0
20210919,3785.0
20210918,3854.0
20210915,3991.0
20210914,3955.0
20210913,3803.0
20210912,3806.0
20210911,3952.0
20210908,3953.0
20210907,3964.0
20210906,4060.0
20210905,4109.0
20210904,4167.0
20210901,4085.0
20210831,4059.0
20210830,4247.0
20210829,4465.0
20210828,4594.0
20210825,4482.0
20210824,4353.0
20210823,4161.0
20210822,4141.0
20210815,4033.0
20210814,4052.0
20210811,3960.0
20210810,3898.0
20210809,3840.0
20210808,3848.0
20210807,3894.0
20210804,3715.0
20210803,3668.0
20210802,3683.0
20210801,3688.0
20210731,3742.0
20210728,3726.0
20210727,3856.0
20210726,3922.0
20210719,3922.0
20210718,3922.0
20210717,3991.0
20210714,4024.0
20210713,4059.0
20210712,4089.0
20210711,3975.0
20210710,3952.0
20210707,4013.0
20210706,4055.0
20210705,4003.0
20210704,3982.0
20210703,4069.0
20210630,4233.0
20210629,4242.0
20210628,4277.0
20210627,4161.0
20210626,4182.0
20210623,4167.0
20210622,4077.0
20210621,3904.0
20210620,3837.0
20210619,3895.0
20210616,3781.0
20210615,3815.0
20210614,3838.0
20210613,3799.0
20210612,3781.0
20210609,3865.0
20210608,3904.0
20210607,3734.0
20210602,3689.0
20210601,3678.0
20210531,3825.0
20210530,3990.0
20210529,3988.0
20210526,3874.0
20210525,3835.0
20210524,3860.0
20210523,4853.0
20210522,4853.0
20210519,4853.0
20210518,4853.0
20210517,4853.0
20210516,4853.0
20210515,4853.0
20210512,4853.0
20210511,4853.0
20210510,4853.0
20210509,4853.0
20210508,4853.0
20210505,4853.0
20210503,4644.0
20210502,4610.0
20210501,4500.0
20210428,4490.0
20210427,4250.0
20210426,4150.0
20210425,4110.0
20210424,4160.0
20210421,4190.0
20210420,4180.0
20210419,3970.0
20210418,3940.0
20210417,3980.0
20210414,4040.0
20210413,4030.0
20210412,3940.0
20210411,3870.0
20210410,3890.0
20210407,3940.0
20210406,4010.0
20210405,4040.0
20210404,4120.0
20210403,4200.0
20210331,4220.0
20210330,4290.0
20210328,4340.0
20210327,4340.0
20210317,4310.0
20210316,4210.0
20210315,4170.0
20210314,4070.0
20210313,3940.0
20210310,3770.0
20210309,3740.0
20210308,3690.0
20210307,3520.0
20210306,3520.0
20210303,3590.0
20210302,3640.0
20210301,3590.0
20210228,3640.0
20210227,3710.0
20210224,3780.0
20210223,3830.0
20210222,3880.0
20210221,3910.0
20210220,3920.0
20210217,4000.0
20210216,4070.0
20210215,4150.0
20210214,4200.0
20210213,4260.0
20210209,4060.0
20210208,3950.0
20210207,3790.0
20210206,3620.0
20210203,3790.0
20210202,3960.0
20210201,4140.0
20210131,4260.0
20210130,4220.0
20210127,4030.0
20210126,4050.0
20210125,4150.0
20210124,4080.0
20210123,3950.0
20210120,3770.0
20210119,3600.0
20210118,3590.0
20210116,3770.0
20210113,3950.0
20210112,4120.0
20210111,4310.0
20210110,4410.0
20210109,4390.0
20210106,4570.0
20210105,4810.0
20210104,5030.0
20210103,4840.0
20210102,4840.0
20201230,4840.0
20201229,4840.0
20201228,4840.0
20201227,4840.0
20201226,4850.0
20201223,5030.0
20201222,4980.0
20201221,4880.0
20201220,4890.0
20201219,5030.0
20201216,4960.0
20201215,5030.0
20201214,5280.0
20201213,5190.0
20201212,5330.0
20201209,5310.0
20201208,5400.0
20201207,5490.0
20201206,5470.0
20201205,5500.0
20201202,5580.0
20201201,5760.0
20201130,5810.0
20201129,5610.0
20201128,5520.0
20201125,5580.0
20201124,5530.0
20201123,5390.0
20201122,5170.0
20201121,5260.0
20201118,5290.0
20201117,5040.0
20201116,4810.0
20201115,4640.0
20201114,4510.0
20201111,4310.0
20201110,4250.0
20201109,4270.0
20201108,4430.0
20201107,4660.0
20201104,4830.0
20201102,4750.0
20201101,4730.0
20201031,4800.0
20201028,4590.0
20201027,4640.0
20201026,4850.0
20201024,5090.0
20201021,5340.0
20201020,5190.0
20201019,5430.0
20201018,5710.0
20201014,5980.0
20201013,6140.0
20201012,6310.0
20201011,6480.0
20201010,5860.0
20201007,5860.0
20201006,5590.0
20201005,5340.0
20201004,5500.0
20201003,5610.0
20200930,5380.0
20200929,5300.0
20200928,5430.0
20200927,5710.0
20200926,5970.0
20200923,5730.0
20200922,5480.0
20200921,5490.0
20200920,5770.0
20200919,6070.0
20200916,6350.0
20200915,6280.0
20200914,6000.0
20200913,5790.0
20200912,5690.0
20200909,6550.0
20200908,6550.0
20200907,6550.0
20200906,6550.0
20200905,6550.0
20200902,6550.0
20200901,6550.0
20200831,6550.0
20200826,6550.0
20200825,6550.0
20200824,6550.0
20200823,6550.0
20200822,6550.0
20200819,6550.0
20200818,6550.0
20200817,6550.0
20200816,6550.0
20200815,6550.0
20200812,6550.0
20200811,6550.0
20200810,6550.0
20200809,6550.0
20200805,6550.0
20200804,6550.0
20200803,6550.0
20200802,6550.0
20200801,6550.0
20200729,6550.0
20200728,6550.0
20200727,6550.0
20200726,6550.0
20200725,27130.0
20200722,27160.0
20200721,27160.0
20200720,27160.0
20200719,27160.0
20200718,26040.0
20200715,26990.0
20200714,26540.0
20200713,25570.0
20200712,25770.0
20200711,24590.0
20200708,25480.0
20200707,26680.0
20200706,26860.0
20200705,25670.0
20200704,25760.0
20200701,26940.0
20200630,26110.0
20200629,24930.0
20200628,25770.0
20200627,24740.0
20200624,24130.0
20200623,24320.0
20200622,23330.0
20200621,22680.0
20200620,23480.0
20200616,23860.0
20200615,23130.0
20200614,22520.0
20200613,21900.0
20200610,20862.0
20200609,19877.0
20200608,20629.0
20200607,21181.0
20200606,20213.0
20200602,19318.0
20200601,18454.0
20200531,18148.0
20200530,17963.0
20200527,17108.0
20200526,16411.0
20200523,16753.0
20200520,16388.0
20200519,17204.0
20200518,17836.0
20200517,17360.0
20200516,18273.0
20200513,19234.0
20200512,19909.0
20200511,20956.0
20200510,20092.0
20200509,19136.0
20200506,18227.0
20200505,17681.0
20200504,17252.0
20200503,16459.0
20200502,14937.0
20200429,14937.0
20200428,14937.0
20200427,14235.0
20200426,13564.0
20200425,12919.0
20200422,12304.0
20200421,11786.0
20200420,11226.0
20200419,10732.0
20200418,10283.0
20200415,9794.0
20200414,9348.0
20200413,9537.0
20200412,9617.0
20200411,9500.0
20200408,9573.0
20200407,9681.0
20200406,9553.0
20200405,10012.0
20200404,10201.0
20200330,9741.0
20200329,9806.0
20200328,9422.0
20200325,8974.0
20200324,8553.0
20200318,8177.0
20200317,7858.0
20200316,8178.0
20200315,7924.0
20200314,7924.0
20200311,8304.0
20200310,8066.0
20200309,7903.0
20200307,8252.0
20200304,8158.0
20200303,7823.0
20200302,7603.0
20200301,7490.0
20200229,7417.0
20200226,7801.0
20200225,7988.0
20200224,7675.0
20200223,7690.0
20200222,7486.0
20200219,7783.0
20200218,7637.0
20200217,7765.0
20200216,7672.0
20200215,7725.0
20200212,7987.0
20200210,7703.0
20200209,7907.0
20200208,8087.0
20200205,7975.0
20200204,7635.0
20200203,7296.0
20200202,7140.0
20200201,7234.0
20200128,7199.0
20200127,7028.0
20200126,6965.0
20200125,7017.0
20200122,7095.0
20200121,7070.0
20200120,7125.0
20200119,6869.0
20200118,6860.0
20200115,6618.0
20200114,6331.0
20200113,6038.0
20200112,5751.0
20200111,5478.0
20200108,5371.0
20200107,5469.0
20200105,5653.0
20200104,5861.0
20200101,6169.0
20191231,6184.0
20191230,6279.0
20191229,6243.0
20191228,6187.0
20191225,5970.0
20191224,5982.0
20191223,6063.0
20191222,6090.0
20191221,6155.0
20191218,6061.0
20191217,5983.0
20191216,5989.0
20191215,6024.0
20191214,6114.0
20191211,6141.0
20191210,6213.0
20191209,6207.0
20191208,6194.0
20191207,5910.0
20191204,5831.0
20191203,5786.0
20191202,5822.0
20191201,5951.0
20191130,5862.0
20191127,5775.0
20191126,5632.0
20191125,5479.0
20191124,5456.0
20191123,5456.0
20191120,5456.0
20191119,5458.0
20191118,5417.0
20191117,5348.0
20191116,5450.0
20191113,5412.0
20191112,5425.0
20191111,5368.0
20191110,5341.0
20191109,5477.0
20191105,5407.0
20191104,5298.0
20191103,5529.0
20191102,5696.0
20191030,5825.0
20191028,5794.0
20191026,5724.0
20191023,5787.0
20191022,5810.0
20191021,5708.0
20191020,5731.0
20191016,6005.0
20191015,6018.0
20191014,6093.0
20191013,6185.0
20191012,6064.0
20191009,6037.0
20191008,6144.0
20191007,6453.0
20191006,6659.0
20191005,6661.0
20191002,6344.0
20191001,4336.0
20190930,4336.0
20190929,4336.0
20190928,4336.0
20190925,4336.0
20190924,4336.0
20190923,4336.0
20190922,4336.0
20190921,4336.0
20190918,4336.0
20190917,4336.0
20190916,4336.0
20190915,4336.0
20190914,4336.0
20190911,4336.0
20190908,4336.0
20190907,4336.0
20190904,4336.0
20190903,4336.0
20190902,4336.0
20190901,4336.0
20190831,4336.0
20190828,4336.0
20190827,4336.0
20190826,4336.0
20190825,4336.0
20190824,4336.0
20190821,4336.0
20190819,4336.0
20190818,4336.0
20190817,4336.0
20190814,4336.0
20190813,4336.0
20190811,4336.0
20190810,4336.0
20190807,4336.0
20190806,4336.0
20190805,4336.0
20190804,4336.0
20190803,4336.0
20190731,4336.0
20190730,4336.0
20190729,4336.0
20190728,4336.0
20190727,4336.0
20190724,4336.0
20190723,4336.0
20190722,4336.0
20190721,4336.0
20190720,4336.0
20190717,4336.0
20190716,4336.0
20190715,4336.0
20190714,4336.0
20190713,4336.0
20190710,4336.0
20190709,4336.0
20190708,4336.0
20190707,4336.0
20190706,4336.0
20190703,4336.0
20190702,4336.0
20190701,4336.0
20190630,4336.0
20190626,4336.0
20190625,4336.0
20190624,4336.0
20190623,4336.0
20190622,4336.0
20190619,4336.0
20190618,4336.0
20190617,4336.0
20190616,4336.0
20190615,4249.0
20190612,4084.0
20190611,3904.0
20190610,3929.0
20190609,3918.0
20190608,3782.0
20190603,3809.0
20190602,3747.0
20190601,3600.0
20190529,3588.0
20190528,3470.0
20190526,3421.0
20190525,3383.0
20190522,3484.0
20190521,3516.0
20190520,3353.0
20190519,3409.0
20190518,3460.0
20190515,3367.0
20190514,3337.0
20190513,3182.0
20190512,3123.0
20190511,3268.0
20190508,3391.0
20190507,3373.0
20190506,3547.0
20190505,3702.0
20190504,3568.0
20190501,3411.0
20190430,3314.0
20190429,3343.0
20190428,3196.0
20190427,3063.0
20190424,3089.0
20190423,3047.0
20190422,3092.0
20190420,3146.0
20190417,3002.0
20190416,3093.0
20190415,3126.0
20190414,3043.0
20190413,3085.0
20190410,3145.0
20190409,3084.0
20190408,3148.0
20190407,3254.0
20190406,3170.0
20190331,3115.0
20190330,3005.0
20190327,2871.0
20190326,2870.0
20190325,2883.0
20190319,2917.0
20190318,2939.0
20190317,2898.0
20190316,2909.0
20190313,2875.0
20190312,2743.0
20190311,2721.0
20190310,2626.0
20190309,2625.0
20190306,2580.0
20190305,2474.0
20190304,2525.0
20190303,2594.0
20190302,2610.0
20190227,2632.0
20190226,2573.0
20190225,2578.0
20190224,2467.0
20190223,2378.0
20190220,2304.0
20190219,2340.0
20190218,2310.0
20190217,2216.0
20190216,2267.0
20190213,2299.0
20190212,2366.0
20190210,2406.0
20190206,2396.0
20190205,2365.0
20190204,2379.0
20190203,2368.0
20190202,2468.0
20190130,2506.0
20190129,2513.0
20190128,2546.0
20190127,2595.0
20190126,2481.0
20190123,2470.0
20190122,2469.0
20190121,2440.0
20190120,2567.0
20190119,2655.0
20190116,2693.0
20190115,2589.0
20190114,2652.0
20190113,2612.0
20190112,2579.0
20190109,2634.0
20190108,2655.0
20190107,2753.0
20190106,2704.0
20190105,2588.0
20190102,2624.0
20190101,2661.0
20181231,2579.0
20181230,2609.0
20181229,2525.0
20181226,2542.0
20181225,2429.0
20181224,2336.0
20181223,2279.0
20181222,2183.0
20181219,2089.0
20181218,2017.0
20181217,2001.0
20181216,2067.0
20181215,2170.0
20181212,2254.0
20181211,2270.0
20181210,2274.0
20181209,2250.0
20181208,2164.0
20181205,2235.0
20181204,2218.0
20181203,2271.0
20181202,2225.0
20181201,2173.0
20181128,2279.0
20181127,2391.0
20181126,2416.0
20181124,2536.0
20181121,2473.0
20181120,2361.0
20181119,2345.0
20181118,2419.0
20181117,2528.0
20181114,2623.0
20181113,2698.0
20181112,2690.0
20181111,2665.0
20181110,2781.0
20181106,2910.0
20181105,2818.0
20181104,2734.0
20181103,2738.0
20181031,2714.0
20181029,2588.0
20181028,2472.0
20181027,2436.0
20181024,2515.0
20181023,2599.0
20181022,2496.0
20181021,2717.0
20181020,2602.0
20181017,2479.0
20181016,2450.0
20181015,2334.0
20181014,2228.0
20181013,2247.0
20181010,2327.0
20181009,2354.0
20181008,2254.0
20181007,2347.0
20181006,2431.0
20181003,2386.0
20181002,2274.0
20181001,2064.0
20180930,2064.0
20180929,2064.0
20180926,1966.0
20180925,1873.0
20180924,1792.0
20180923,1822.0
20180922,1746.0
20180918,1798.0
20180917,1869.0
20180916,1782.0
20180915,1747.0
20180912,1713.0
20180911,1632.0
20180910,1555.0
20180909,1486.0
20180908,1420.0
20180905,1364.0
20180904,1389.0
20180903,1412.0
20180902,1399.0
20180901,1339.0
20180829,1276.0
20180828,1094.0
20180827,1094.0
20180826,1094.0
20180825,1094.0
20180821,1094.0
20180820,1094.0
20180819,1094.0
20180818,1094.0
20180815,1061.0
20180814,1042.0
20180813,1066.0
20180812,1022.0
20180811,1037.0
20180808,992.0
20180807,945.0
20180806,904.0
20180805,900.0
20180804,902.0
20180801,904.0
20180731,897.0
20180730,902.0
20180729,921.0
20180728,921.0
20180727,921.0
20180726,921.0
20180725,921.0
20180724,921.0
20180723,921.0
20180722,921.0
20180721,921.0
20180718,921.0
20180717,910.0
20180716,909.0
20180715,908.0
20180714,914.0
20180711,910.0
20180710,917.0
20180708,919.0
20180707,942.0
20180704,925.0
20180703,927.0
20180702,937.0
20180701,931.0
20180630,936.0
20180627,933.0
20180626,934.0
20180625,929.0
20180624,935.0
20180623,938.0
20180620,948.0
20180619,970.0
20180618,969.0
20180617,947.0
20180613,937.0
20180612,933.0
20180611,935.0
20180610,943.0
20180609,945.0
20180603,959.0
20180602,971.0
20180530,906.0
20180529,906.0
20180528,906.0
20180527,906.0
20180526,903.0
20180523,903.0
20180522,904.0
20180521,902.0
20180520,905.0
20180519,908.0
20180516,911.0
20180515,912.0
20180514,913.0
20180513,911.0
20180512,914.0
20180509,914.0
20180508,907.0
20180507,907.0
20180506,907.0
20180505,911.0
20180501,920.0
20180430,923.0
20180429,927.0
20180428,933.0
20180425,935.0
20180424,939.0
20180423,943.0
20180422,945.0
20180421,947.0
20180418,948.0
20180417,948.0
20180416,947.0
20180415,947.0
20180411,949.0
20180410,952.0
20180409,950.0
20180408,981.0
20180407,987.0
20180404,989.0
20180403,994.0
20180328,994.0
20180327,999.0
20180326,1000.0
20180325,1003.0
20180319,1003.0
20180318,1001.0
20180317,979.0
20180314,947.0
20180313,976.0
20180312,978.0
20180311,983.0
20180310,984.0
20180307,984.0
20180306,987.0
20180305,987.0
20180304,988.0
20180303,993.0
20180228,995.0
20180227,988.0
20180226,982.0
20180225,981.0
20180224,984.0
20180221,986.0
20180219,978.0
20180218,986.0
20180217,1008.0
20180214,1031.0
20180213,1034.0
20180212,1040.0
20180210,1045.0
20180207,1045.0
20180206,1040.0
20180205,1039.0
20180204,1036.0
20180203,1032.0
20180131,1030.0
20180130,1033.0
20180129,1035.0
20180128,1036.0
20180127,1036.0
20180124,1035.0
20180123,1058.0
20180122,1084.0
20180121,1109.0
20180120,1162.0
20180117,1163.0
20180116,1162.0
20180115,1163.0
20180114,1173.0
20180113,1152.0
20180110,1147.0
20180109,1140.0
20180108,1135.0
20180107,1112.0
20180106,1086.0
20180103,1086.0
20180102,1086.0
20180101,1072.0
20171231,1068.0
20171230,1098.0
20171227,1104.0
20171226,1106.0
20171225,1110.0
20171224,1119.0
20171223,1111.0
20171220,1118.0
20171219,1143.0
20171218,1133.0
20171217,1084.0
20171216,1081.0
20171215,1039.0
20171214,1039.0
20171213,1039.0
20171212,1004.0
20171211,998.0
20171210,1001.0
20171209,1003.0
20171205,1004.0
20171204,1005.0
20171203,1006.0
20171202,1007.0
20171129,1007.0
20171128,998.0
20171126,995.0
20171125,993.0
20171122,997.0
20171121,994.0
20171120,987.0
20171118,980.0
20171115,977.0
20171114,980.0
20171113,986.0
20171112,987.0
20171111,997.0
20171108,1004.0
20171107,1010.0
20171106,1016.0
20171105,980.0
20171104,967.0
20171101,951.0
20171031,928.0
20171030,920.0
20171029,926.0
20171028,933.0
20171025,936.0
20171024,937.0
20171023,943.0
20171022,948.0
20171021,948.0
20171018,952.0
20171017,956.0
20171016,964.0
20171015,966.0
20171014,966.0
20171011,965.0
20171010,964.0
20171009,962.0
20171008,965.0
20171007,979.0
20171004,988.0
20171003,987.0
20171002,987.0
20170927,986.0
20170926,984.0
20170925,982.0
20170924,980.0
20170923,971.0
20170920,967.0
20170919,966.0
20170918,966.0
20170917,969.0
20170916,968.0
20170913,969.0
20170912,988.0
20170911,994.0
20170910,1000.0
20170906,994.0
20170905,962.0
20170904,953.0
20170903,952.0
20170902,952.0
20170830,952.0
20170829,950.0
20170828,965.0
20170827,974.0
20170826,982.0
20170823,1001.0
20170822,994.0
20170821,998.0
20170820,1030.0
20170819,1025.0
20170816,1025.0
20170815,1025.0
20170814,1025.0
20170813,1025.0
20170812,1025.0
20170809,1025.0
20170808,1025.0
20170807,1025.0
20170806,1025.0
20170802,1025.0
20170801,1025.0
20170731,1025.0
20170730,1025.0
20170729,1025.0
20170726,1025.0
20170725,1025.0
20170724,1025.0
20170723,1025.0
20170722,1025.0
20170719,1025.0
20170718,1025.0
20170717,1016.0
20170716,1004.0
20170715,991.0
20170712,946.0
20170711,939.0
20170710,926.0
20170709,920.0
20170708,918.0
20170705,922.0
20170704,920.0
20170703,924.0
20170702,932.0
20170701,934.0
20170628,936.0
20170625,934.0
20170624,934.0
20170621,968.0
20170620,980.0
20170619,991.0
20170618,998.0
20170617,999.0
20170614,1001.0
20170613,1001.0
20170612,1003.0
20170611,1012.0
20170610,1010.0
20170607,1008.0
20170606,1021.0
20170603,1025.0
20170531,1027.0
20170530,1021.0
20170529,1027.0
20170528,1034.0
20170527,1041.0
20170524,1049.0
20170523,1060.0
20170522,1056.0
20170521,1053.0
20170520,1057.0
20170517,1055.0
20170516,1047.0
20170515,1040.0
20170514,1031.0
20170513,1038.0
20170510,1043.0
20170509,1049.0
20170508,1050.0
20170507,1058.0
20170506,1044.0
20170503,1051.0
20170502,1080.0
20170501,1099.0
20170430,1058.0
20170429,1022.0
20170426,1012.0
20170424,1008.0
20170423,1010.0
20170422,1016.0
20170419,1021.0
20170418,1021.0
20170417,1022.0
20170416,1015.0
20170415,1026.0
20170412,1032.0
20170410,1042.0
20170409,1049.0
20170408,1074.0
20170405,1093.0
20170404,1098.0
20170403,1100.0
20170329,1103.0
20170328,1102.0
20170327,1098.0
20170326,1088.0
20170325,1105.0
20170318,1105.0
20170315,1089.0
20170314,1079.0
20170313,1064.0
20170312,1063.0
20170311,1061.0
20170308,1044.0
20170307,1095.0
20170306,1129.0
20170305,1132.0
20170304,1126.0
20170301,1121.0
20170228,1117.0
20170227,1113.0
20170226,1112.0
20170225,1099.0
20170222,1109.0
20170221,1137.0
20170220,1138.0
20170219,1135.0
20170218,1168.0
20170215,1186.0
20170214,1187.0
20170213,1201.0
20170212,1204.0
20170211,1207.0
20170208,1219.0
20170207,1229.0
20170206,1198.0
20170205,1177.0
20170204,1163.0
20170201,1161.0
20170131,1176.0
20170130,1145.0
20170129,1143.0
20170128,1158.0
20170125,1211.0
20170124,1206.0
20170123,1930.0
20170122,1930.0
20170121,1930.0
20170118,1930.0
20170117,1930.0
20170116,1930.0
20170115,1930.0
20170114,1930.0
20170111,2413.0
20170109,2413.0
20170108,2413.0
20170107,2413.0
20170104,2413.0
20170103,2413.0
20170102,2413.0
20170101,2413.0
20161231,2413.0
20161228,2413.0
20161227,2413.0
20161226,2413.0
20161225,2413.0
20161224,2413.0
20161221,2413.0
20161220,2413.0
20161219,2413.0
20161218,2413.0
20161214,2413.0
20161213,2413.0
20161212,2413.0
20161211,2413.0
20161210,2413.0
20161207,2413.0
20161206,2413.0
20161205,2413.0
20161204,2413.0
20161203,2413.0
20161129,2413.0
20161127,2413.0
20161126,2413.0
20161123,2413.0
20161122,2413.0
20161121,2413.0
20161119,2413.0
20161116,2413.0
20161115,2413.0
20161114,2413.0
20161113,2413.0
20161112,2413.0
20161109,2413.0
20161108,2413.0
20161107,2413.0
20161106,2413.0
20161105,2413.0
20161102,2413.0
20161101,2413.0
20161031,2413.0
20161030,2413.0
20161029,2413.0
20161028,2413.0
20161027,2413.0
20161026,2413.0
20161025,2413.0
20161024,2413.0
20161023,2413.0
20161022,2413.0
20161019,2413.0
20161018,2413.0
20161017,2413.0
20161016,2413.0
20161015,2413.0
20161012,2413.0
20161010,2413.0
20161009,2413.0
20161008,2413.0
20161005,2413.0
20161004,2413.0
20161003,2413.0
20161002,2413.0
20161001,2413.0
20160928,2413.0
20160927,2413.0
20160926,2413.0
20160925,2413.0
20160924,2413.0
20160921,2413.0
20160919,2413.0
20160918,2413.0
20160917,2413.0
20160914,2413.0
20160913,2413.0
20160911,2413.0
20160910,2413.0
20160907,2413.0
20160906,2413.0
20160905,2413.0
20160904,2413.0
20160903,2413.0
20160831,2413.0
20160830,2413.0
20160829,2413.0
20160828,2413.0
20160827,2413.0
20160824,2413.0
20160823,2413.0
20160822,2413.0
20160821,2413.0
20160820,2413.0
20160817,2413.0
20160816,2413.0
20160815,2413.0
20160814,2413.0
20160813,2413.0
20160810,2413.0
20160809,2413.0
20160808,2413.0
20160807,2413.0
20160806,2413.0
20160803,2413.0
20160802,2413.0
20160801,2413.0
20160731,2413.0
20160727,2413.0
20160726,2413.0
20160725,2413.0
20160724,2413.0
20160723,2413.0
20160720,2413.0
20160719,2413.0
20160718,2413.0
20160717,2413.0
20160716,2376.0
20160713,2404.0
20160712,2413.0
20160711,2385.0
20160710,2343.0
20160709,2340.0
20160705,2320.0
20160704,2312.0
20160703,2331.0
20160702,2330.0
20160629,2323.0
20160628,2320.0
20160626,2318.0
20160625,2368.0
20160622,2296.0
20160621,2264.0
20160620,2171.0
20160619,2147.0
20160618,2176.0
20160615,2177.0
20160614,2152.0
20160613,2175.0
20160612,2208.0
20160611,2184.0
20160608,2232.0
20160607,2234.0
20160606,2270.0
20160605,2250.0
20160601,2293.0
20160531,2289.0
20160530,2271.0
20160529,2276.0
20160528,2328.0
20160525,2326.0
20160524,2324.0
20160523,2292.0
20160521,2270.0
20160518,2265.0
20160517,2283.0
20160516,2268.0
20160515,2219.0
20160514,2217.0
20160511,2197.0
20160510,2224.0
20160509,2225.0
20160508,2197.0
20160507,2204.0
20160504,2262.0
20160503,2309.0
20160502,2258.0
20160501,2277.0
20160430,2288.0
20160427,2334.0
20160426,2361.0
20160425,2398.0
20160424,2358.0
20160423,2326.0
20160420,2350.0
20160419,2400.0
20160418,2406.0
20160417,2354.0
20160416,2371.0
20160413,2490.0
20160412,2496.0
20160411,2549.0
20160410,2525.0
20160409,2547.0
20160406,2533.0
20160405,2533.0
20160404,2533.0
20160403,2533.0
20160402,2572.0
20160330,2563.0
20160329,2510.0
20160328,2508.0
20160327,2498.0
20160326,2440.0
20160316,2338.0
20160315,2377.0
20160314,2412.0
20160312,2415.0
20160309,2365.0
20160308,2366.0
20160307,2408.0
20160306,2312.0
20160305,2302.0
20160302,2339.0
20160301,2354.0
20160229,2317.0
20160228,2351.0
20160227,2389.0
20160224,2388.0
20160223,2377.0
20160222,2422.0
20160221,2358.0
20160220,2418.0
20160217,2303.0
20160216,2245.0
20160215,2304.0
20160214,2241.0
20160213,2236.0
20160210,2300.0
20160209,2400.0
20160208,2304.0
20160207,2228.0
20160206,2172.0
20160203,2167.0
20160202,2211.0
20160201,2227.0
20160131,2185.0
20160130,2273.0
20160127,2251.0
20160126,2231.0
20160125,2189.0
20160124,2230.0
20160123,2173.0
20160120,2081.0
20160119,2080.0
20160118,2026.0
20160117,2065.0
20160116,2135.0
20160113,2078.0
20160112,1998.0
20160111,1940.0
20160110,1924.0
20160109,1950.0
20160106,1954.0
20160105,1914.0
20160104,1909.0
20160103,1917.0
20160102,1939.0
20151230,1943.0
20151228,1943.0
20151227,1937.0
20151226,1936.0
20151223,1937.0
20151222,1933.0
20151221,1925.0
20151220,1928.0
20151219,1923.0
20151216,1944.0
20151215,1940.0
20151214,1932.0
20151213,1931.0
20151209,1929.0
20151208,1900.0
20151207,1941.0
20151206,1946.0
20151205,1924.0
20151201,1939.0
20151130,1939.0
20151129,1934.0
20151128,1948.0
20151125,1950.0
20151124,1949.0
20151123,1941.0
20151122,1961.0
20151121,1939.0
20151118,1935.0
20151117,1960.0
20151116,1962.0
20151115,1969.0
20151114,1969.0
20151111,1972.0
20151110,1974.0
20151109,1987.0
20151108,1985.0
20151107,1990.0
20151104,1990.0
20151103,1981.0
20151102,1992.0
20151101,1992.0
20151031,1996.0
20151028,1991.0
20151027,1989.0
20151026,1964.0
20151025,1940.0
20151021,1992.0
20151020,2012.0
20151019,2021.0
20151018,2039.0
20151017,2026.0
20151014,1954.0
20151013,1904.0
20151012,1896.0
20151011,1868.0
20151010,1871.0
20151007,1862.0
20151006,1859.0
20151005,1859.0
20151004,1851.0
20151003,1845.0
20150930,1882.0
20150929,1898.0
20150928,1899.0
20150927,1899.0
20150926,1892.0
20150923,1910.0
20150922,1884.0
20150921,1859.0
20150920,1880.0
20150919,1933.0
20150916,1921.0
20150915,1911.0
20150914,1954.0
20150913,1973.0
20150912,2036.0
20150909,2024.0
20150908,2029.0
20150907,2044.0
20150906,2035.0
20150905,2030.0
20150902,2000.0
20150901,1997.0
20150831,1981.0
20150830,2003.0
20150829,2007.0
20150826,1975.0
20150825,1960.0
20150824,1998.0
20150823,2010.0
20150822,2008.0
20150819,2004.0
20150818,2024.0
20150817,2055.0
20150816,2060.0
20150815,2071.0
20150812,2081.0
20150810,2122.0
20150809,2292.0
20150808,2292.0
20150805,2292.0
20150804,2292.0
20150803,2292.0
20150802,2292.0
20150801,2292.0
20150729,2292.0
20150728,2292.0
20150727,2292.0
20150726,2292.0
20150725,2382.0
20150722,2382.0
20150721,2382.0
20150720,2382.0
20150719,2427.0
20150715,2427.0
20150714,2539.0
20150713,2593.0
20150712,2513.0
20150711,2480.0
20150707,2497.0
20150706,2466.0
20150705,2465.0
20150704,2491.0
20150701,2403.0
20150630,2412.0
20150629,2366.0
20150628,2364.0
20150627,2407.0
20150624,2390.0
20150623,2412.0
20150622,2375.0
20150621,2332.0
20150620,2336.0
20150617,2347.0
20150616,2243.0
20150615,2203.0
20150614,2230.0
20150613,2212.0
20150610,2130.0
20150609,2061.0
20150608,2090.0
20150607,2136.0
20150606,2165.0
20150602,2184.0
20150601,2198.0
20150531,2199.0
20150530,2227.0
20150527,2229.0
20150526,2241.0
20150525,2253.0
20150524,2250.0
20150523,2248.0
20150520,2302.0
20150519,2308.0
20150518,2311.0
20150517,2294.0
20150513,2327.0
20150512,2332.0
20150511,2278.0
20150510,2238.0
20150509,2237.0
20150506,2304.0
20150505,2292.0
20150504,2268.0
20150503,2330.0
20150429,2400.0
20150428,2398.0
20150427,2382.0
20150426,2433.0
20150425,2439.0
20150422,2411.0
20150421,2377.0
20150420,2378.0
20150419,2430.0
20150418,2409.0
20150415,2467.0
20150414,2511.0
20150413,2502.0
20150412,2564.0
20150411,2664.0
20150408,2654.0
20150407,2561.0
20150406,2528.0
20150405,2434.0
20150404,2341.0
20150331,2255.0
20150330,2234.0
20150329,2277.0
20150328,2192.0
20150325,2154.0
20150318,2137.0
20150317,2059.0
20150316,2129.0
20150315,2129.0
20150314,2049.0
20150311,1977.0
20150310,1975.0
20150309,1966.0
20150308,1963.0
20150307,1988.0
20150304,1949.0
20150303,1953.0
20150302,1954.0
20150301,1939.0
20150228,1955.0
20150225,1968.0
20150224,2004.0
20150223,1978.0
20150222,1982.0
20150221,2026.0
20150218,1994.0
20150217,2004.0
20150216,2015.0
20150215,2023.0
20150214,2018.0
20150210,2014.0
20150209,1989.0
20150208,2032.0
20150207,2049.0
20150204,2049.0
20150203,2044.0
20150202,2044.0
20150201,2040.0
20150131,2033.0
20150128,2005.0
20150127,1979.0
20150126,1937.0
20150125,1940.0
20150124,1933.0
20150121,1893.0
20150120,1919.0
20150119,1944.0
20150118,1986.0
20150117,2004.0
20150114,2000.0
20150113,2012.0
20150112,2020.0
20150111,1949.0
20150110,2005.0
20150107,2056.0
20150106,2042.0
20150105,2079.0
20150104,2090.0
20150103,2095.0
20141231,2099.0
20141230,2106.0
20141229,2113.0
20141228,2117.0
20141227,2116.0
20141224,2144.0
20141222,2154.0
20141220,2112.0
20141217,2085.0
20141216,2039.0
20141215,2001.0
20141214,2083.0
20141210,2121.0
20141209,2120.0
20141208,2113.0
20141207,2042.0
20141206,2071.0
20141203,2057.0
20141202,2072.0
20141201,2056.0
20141130,2079.0
20141129,2160.0
20141126,2225.0
20141125,2317.0
20141124,2413.0
20141123,2333.0
20141122,2270.0
20141119,2259.0
20141118,2271.0
20141117,2275.0
20141116,2248.0
20141115,2217.0
20141112,2295.0
20141111,2308.0
20141110,2302.0
20141109,2301.0
20141108,2290.0
20141105,2325.0
20141102,2249.0
20141101,2163.0
20141029,2080.0
20141028,2080.0
20141027,2080.0
20141026,2093.0
20141025,2109.0
20141022,2107.0
20141021,2030.0
20141020,1952.0
20141019,1952.0
20141018,1952.0
20141015,1952.0
20141014,1952.0
20141012,1952.0
20141011,1952.0
20141008,1952.0
20141007,1952.0
20141006,1952.0
20141004,1936.0
20141001,1929.0
20140930,1917.0
20140929,1909.0
20140928,1902.0
20140927,1902.0
20140924,1905.0
20140923,1907.0
20140922,1908.0
20140921,1909.0
20140920,1909.0
20140917,1909.0
20140916,1913.0
20140915,1920.0
20140914,1922.0
20140913,1931.0
20140910,1941.0
20140909,1945.0
20140908,1947.0
20140907,1948.0
20140906,1958.0
20140903,1956.0
20140902,1974.0
20140901,1991.0
20140831,1994.0
20140830,2001.0
20140827,2011.0
20140826,2065.0
20140825,2072.0
20140824,2077.0
20140823,2087.0
20140820,2092.0
20140819,2090.0
20140818,2093.0
20140817,2083.0
20140816,2096.0
20140813,2107.0
20140812,2110.0
20140811,2100.0
20140810,2100.0
20140809,2111.0
20140806,2123.0
20140805,2114.0
20140804,2110.0
20140803,2113.0
20140802,2127.0
20140728,2135.0
20140727,2143.0
20140726,2150.0
20140723,2143.0
20140722,2126.0
20140721,2456.0
20140720,2456.0
20140716,2456.0
20140715,2431.0
20140714,2374.0
20140713,2369.0
20140712,2377.0
20140709,2376.0
20140708,2385.0
20140707,2297.0
20140706,2294.0
20140705,2314.0
20140702,2229.0
20140701,2205.0
20140630,2170.0
20140629,2162.0
20140628,2226.0
20140625,2246.0
20140624,2234.0
20140623,2245.0
20140622,2266.0
20140621,2273.0
20140618,2273.0
20140617,2257.0
20140616,2258.0
20140615,2256.0
20140614,2280.0
20140611,2335.0
20140610,2345.0
20140609,2351.0
20140608,2355.0
20140607,2297.0
20140603,2293.0
20140602,2294.0
20140601,2292.0
20140531,2326.0
20140528,2345.0
20140526,2362.0
20140525,2377.0
20140524,2406.0
20140521,2416.0
20140520,2385.0
20140519,2343.0
20140518,2318.0
20140517,2327.0
20140514,2377.0
20140512,2380.0
20140511,2395.0
20140510,2421.0
20140507,2359.0
20140506,2359.0
20140505,2364.0
20140504,2365.0
20140503,2385.0
20140430,2390.0
20140429,2388.0
20140428,2418.0
20140427,2449.0
20140426,2447.0
20140423,2359.0
20140422,2357.0
20140421,2344.0
20140420,2328.0
20140419,2312.0
20140416,2333.0
20140415,2320.0
20140414,2303.0
20140413,2325.0
20140412,2420.0
20140409,2450.0
20140408,2458.0
20140407,2453.0
20140406,2452.0
20140405,2507.0
20140331,2519.0
20140330,2506.0
20140329,2488.0
20140326,2498.0
20140325,2516.0
20140319,2544.0
20140318,2552.0
20140317,2533.0
20140316,2490.0
20140315,2489.0
20140312,2450.0
20140311,2385.0
20140310,2376.0
20140309,2326.0
20140308,2324.0
20140305,2247.0
20140304,2161.0
20140303,2082.0
20140302,2104.0
20140301,2104.0
20140226,2104.0
20140225,2104.0
20140224,2543.0
20140223,2543.0
20140222,2543.0
20140219,2543.0
20140218,2543.0
20140217,2543.0
20140216,2543.0
20140215,2543.0
20140212,2543.0
20140210,2543.0
20140209,2619.0
20140208,2609.0
20140205,2643.0
20140204,2743.0
20140203,2748.0
20140202,2748.0
20140201,2851.0
20140129,2752.0
20140128,2678.0
20140127,2576.0
20140126,2659.0
20140125,2759.0
20140122,2708.0
20140121,2765.0
20140120,2706.0
20140118,2785.0
20140115,2782.0
20140114,2855.0
20140113,2836.0
20140112,2727.0
20140111,2832.0
20140108,2800.0
20140107,2882.0
20140106,2909.0
20140105,2951.0
20140104,2924.0
20140101,2990.0
20131230,2990.0
20131229,2993.0
20131228,2972.0
20131225,3003.0
20131224,3051.0
20131222,3069.0
20131221,3171.0
20131218,3098.0
20131217,3029.0
20131216,3040.0
20131215,3003.0
20131214,2942.0
20131211,3023.0
20131210,3001.0
20131209,2900.0
20131208,2909.0
20131207,2924.0
20131204,2890.0
20131203,2925.0
20131202,2975.0
20131201,3030.0
20131130,3130.0
20131127,3099.0
20131126,3001.0
20131125,3042.0
20131124,2954.0
20131123,2841.0
20131120,2736.0
20131119,2697.0
20131118,2681.0
20131117,2621.0
20131116,2717.0
20131112,2785.0
20131111,2815.0
20131110,2831.0
20131109,2819.0
20131106,2711.0
20131105,2696.0
20131104,2760.0
20131103,2784.0
20131102,2693.0
20131030,2610.0
20131029,2635.0
20131028,2537.0
20131027,2455.0
20131026,2513.0
20131023,2418.0
20131022,2344.0
20131021,2362.0
20131020,2383.0
20131019,2480.0
20131015,2389.0
20131014,2309.0
20131013,2350.0
20131012,2375.0
20131009,2387.0
20131008,2368.0
20131007,2397.0
20131006,2398.0
20131005,2427.0
20131002,2464.0
20131001,2437.0
20130930,2371.0
20130929,2468.0
20130928,2532.0
20130925,2452.0
20130924,2465.0
20130923,2532.0
20130922,2467.0
20130921,2495.0
20130918,2411.0
20130917,2327.0
20130916,2260.0
20130915,2259.0
20130914,2197.0
20130911,2185.0
20130910,2139.0
20130909,2058.0
20130908,2052.0
20130907,2136.0
20130904,2225.0
20130903,2226.0
20130901,2318.0
20130831,2320.0
20130828,2321.0
20130827,2323.0
20130826,2387.0
20130825,2392.0
20130824,2354.0
20130821,2319.0
20130820,2412.0
20130819,2487.0
20130818,2442.0
20130817,2531.0
20130814,2502.0
20130813,2603.0
20130812,2563.0
20130811,2466.0
20130807,2383.0
20130806,2297.0
20130805,2266.0
20130804,2288.0
20130803,2232.0
20130731,2150.0
20130729,2068.0
20130728,1995.0
20130727,1885.0
20130724,1885.0
20130723,1885.0
20130722,1885.0
20130721,2045.0
20130720,2045.0
20130717,2045.0
20130716,2045.0
20130715,2045.0
20130714,2045.0
20130713,2045.0
20130710,2045.0
20130709,1975.0
20130708,1906.0
20130707,1837.0
20130706,1900.0
20130703,1829.0
20130702,1759.0
20130701,1682.0
20130630,1682.0
20130629,1682.0
20130626,1682.0
20130625,1691.0
20130623,1730.0
20130622,1665.0
20130619,1601.0
20130618,1543.0
20130617,1484.0
20130616,1427.0
20130615,1373.0
20130612,1321.0
20130611,1323.0
20130610,1323.0
20130609,1324.0
20130608,1325.0
20130603,1326.0
20130602,1324.0
20130601,1324.0
20130529,1324.0
20130528,1324.0
20130527,1325.0
20130526,1324.0
20130525,1322.0
20130522,1322.0
20130521,1334.0
20130520,1335.0
20130519,1338.0
20130518,1336.0
20130515,1323.0
20130514,1287.0
20130513,1280.0
20130512,1268.0
20130511,1257.0
20130508,1249.0
20130507,1248.0
20130506,1247.0
20130505,1245.0
20130504,1244.0
20130501,1239.0
20130430,1236.0
20130429,1235.0
20130428,1234.0
20130427,1233.0
20130424,1232.0
20130423,1231.0
20130422,1231.0
20130421,1232.0
20130420,1234.0
20130417,1234.0
20130416,1238.0
20130415,1237.0
20130413,1235.0
20130410,1233.0
20130409,1231.0
20130408,1228.0
20130407,1216.0
20130406,1236.0
20130403,1233.0
20130331,1194.0
20130330,1193.0
20130327,1198.0
20130326,1198.0
20130325,1197.0
20130318,1194.0
20130317,1189.0
20130316,1194.0
20130313,1193.0
20130312,1193.0
20130311,1190.0
20130310,1190.0
20130309,1190.0
20130306,1193.0
20130305,1225.0
20130304,1213.0
20130303,1172.0
20130302,1171.0
20130227,1171.0
20130226,1171.0
20130225,1170.0
20130224,1158.0
20130223,1160.0
20130220,1158.0
20130219,1154.0
20130218,1139.0
20130217,1126.0
20130216,1119.0
20130213,1110.0
20130212,1119.0
20130211,1119.0
20130209,1110.0
20130206,1095.0
20130205,1093.0
20130204,1091.0
20130203,1089.0
20130202,1088.0
20130130,1078.0
20130128,1073.0
20130127,1066.0
20130126,1059.0
20130123,1041.0
20130122,1015.0
20130121,1014.0
20130120,1015.0
20130119,1015.0
20130116,1015.0
20130115,1013.0
20130114,1015.0
20130113,1015.0
20130109,1014.0
20130108,1013.0
20130107,1010.0
20130106,1008.0
20130102,1006.0
20130101,1005.0
20121231,1037.0
20121230,1065.0
20121229,1031.0
20121226,1005.0
20121225,1003.0
20121224,1005.0
20121223,1005.0
20121222,1005.0
20121219,1004.0
20121218,1009.0
20121217,1014.0
20121216,1021.0
20121215,1026.0
20121212,1026.0
20121211,1015.0
20121210,1011.0
20121209,1010.0
20121208,1007.0
20121205,1012.0
20121204,1012.0
20121203,1011.0
20121202,1012.0
20121201,1011.0
20121128,1010.0
20121127,1013.0
20121126,1016.0
20121121,1018.0
20121120,1018.0
20121119,1022.0
20121118,1016.0
20121117,1010.0
20121114,1007.0
20121113,1012.0
20121112,1010.0
20121111,1014.0
20121110,1017.0
20121107,1017.0
20121106,1017.0
20121105,1014.0
20121104,1016.0
20121031,1032.0
20121030,1059.0
20121029,1073.0
20121028,1078.0
20121027,1072.0
20121024,1039.0
20121023,1035.0
20121022,1026.0
20121021,1007.0
20121020,1010.0
20121017,926.0
20121016,926.0
20121015,926.0
20121014,926.0
20121013,926.0
20121010,926.0
20121009,926.0
20121008,926.0
20121007,926.0
20121006,926.0
20121003,926.0
20121002,926.0
20121001,926.0
20120930,926.0
20120929,926.0
20120926,926.0
20120925,1533.0
20120924,1533.0
20120923,1533.0
20120922,1533.0
20120919,1533.0
20120918,1537.0
20120917,1564.0
20120916,1529.0
20120915,1514.0
20120911,1456.0
20120910,1408.0
20120909,1426.0
20120908,1449.0
20120905,1434.0
20120904,1380.0
20120903,1342.0
20120902,1336.0
20120827,1334.0
20120826,1331.0
20120825,1320.0
20120822,1319.0
20120821,1317.0
20120818,1316.0
20120815,1314.0
20120814,1312.0
20120813,1311.0
20120812,1310.0
20120811,1311.0
20120808,1313.0
20120807,1289.0
20120806,1256.0
20120805,1268.0
20120804,1270.0
20120801,1308.0
20120731,1308.0
20120730,1304.0
20120729,1294.0
20120728,1341.0
20120725,1347.0
20120724,1334.0
20120723,1284.0
20120722,1284.0
20120721,1554.0
20120718,1554.0
20120717,1554.0
20120716,1573.0
20120715,1562.0
20120714,1566.0
20120711,1570.0
20120710,1576.0
20120709,1580.0
20120708,1583.0
20120707,1591.0
20120704,1597.0
20120703,1601.0
20120702,1613.0
20120701,1555.0
20120630,1497.0
20120627,1484.0
20120626,1503.0
20120625,1522.0
20120624,1531.0
20120623,1550.0
20120620,1565.0
20120619,1570.0
20120617,1569.0
20120616,1575.0
20120613,1588.0
20120612,1591.0
20120611,1590.0
20120610,1587.0
20120609,1589.0
20120606,1648.0
20120605,1656.0
20120602,1665.0
20120530,1678.0
20120529,1685.0
20120528,1686.0
20120527,1688.0
20120526,1684.0
20120523,1710.0
20120522,1692.0
20120521,1687.0
20120520,1628.0
20120519,1601.0
20120516,1598.0
20120515,1600.0
20120514,1614.0
20120513,1617.0
20120512,1621.0
20120509,1633.0
20120508,1632.0
20120507,1633.0
20120506,1616.0
20120505,1617.0
20120502,1561.0
20120501,1551.0
20120430,1555.0
20120429,1559.0
20120428,1554.0
20120424,1561.0
20120423,1563.0
20120422,1579.0
20120421,1568.0
20120418,1565.0
20120417,1601.0
20120416,1628.0
20120415,1584.0
20120414,1524.0
20120411,1469.0
20120410,1426.0
20120409,1424.0
20120408,1459.0
20120407,1468.0
20120404,1494.0
20120403,1516.0
20120402,1557.0
20120328,1564.0
20120327,1571.0
20120326,1581.0
20120325,1579.0
20120324,1580.0
20120318,1561.0
20120317,1529.0
20120314,1548.0
20120313,1585.0
20120312,1583.0
20120311,1583.0
20120310,1583.0
20120307,1583.0
20120306,1583.0
20120305,1592.0
20120304,1593.0
20120303,1593.0
20120229,1589.0
20120228,1589.0
20120227,1601.0
20120226,1604.0
20120225,1599.0
20120222,1598.0
20120221,1593.0
20120220,1575.0
20120219,1596.0
20120218,1604.0
20120215,1611.0
20120214,1629.0
20120213,1682.0
20120212,1694.0
20120208,1699.0
20120207,1719.0
20120206,1736.0
20120205,1793.0
20120204,2242.0
20120201,2242.0
20120131,2242.0
20120130,2242.0
20120129,2242.0
20120128,2242.0
20120125,2242.0
20120123,2234.0
20120121,2259.0
20120118,2225.0
20120117,2178.0
20120116,2263.0
20120115,2232.0
20120111,2269.0
20120110,2182.0
20120109,2189.0
20120108,2160.0
20120107,2181.0
20120104,2145.0
20120103,2065.0
20120102,2043.0
20120101,2042.0
20111231,2042.0
20111228,2042.0
20111227,2043.0
20111226,2041.0
20111225,2049.0
20111224,2051.0
20111221,2052.0
20111220,2049.0
20111219,2056.0
20111218,2061.0
20111217,2070.0
20111214,2076.0
20111213,2079.0
20111212,2078.0
20111211,2079.0
20111210,2087.0
20111207,2079.0
20111204,2039.0
20111203,2014.0
20111130,2011.0
20111129,2013.0
20111128,1991.0
20111127,1985.0
20111126,2051.0
20111123,2050.0
20111122,2086.0
20111121,2146.0
20111120,2150.0
20111119,2152.0
20111116,2147.0
20111114,2150.0
20111113,2140.0
20111112,2152.0
20111109,2138.0
20111108,2128.0
20111106,2198.0
20111105,2243.0
20111102,2247.0
20111101,2228.0
20111031,2230.0
20111030,2237.0
20111029,2248.0
20111026,2252.0
20111025,2261.0
20111024,2268.0
20111023,2300.0
20111022,2303.0
20111019,2291.0
20111018,2274.0
20111017,2307.0
20111016,2318.0
20111015,2370.0
20111012,2385.0
20111011,2396.0
20111010,2396.0
20111009,2404.0
20111008,2402.0
20111005,2377.0
20111004,2367.0
20111003,2368.0
20111002,2377.0
20111001,2382.0
20110928,2392.0
20110927,2405.0
20110926,2405.0
20110925,2407.0
20110921,2393.0
20110920,2363.0
20110919,2357.0
20110918,2361.0
20110917,2351.0
20110914,2372.0
20110913,2382.0
20110912,2395.0
20110911,2451.0
20110910,2454.0
20110907,2508.0
20110906,2443.0
20110905,2356.0
20110904,2349.0
20110903,2333.0
20110831,2249.0
20110830,2249.0
20110829,2213.0
20110828,2211.0
20110827,2217.0
20110824,2222.0
20110823,2227.0
20110821,2220.0
20110820,2231.0
20110817,2244.0
20110816,2208.0
20110815,2226.0
20110814,2265.0
20110813,2219.0
20110810,2141.0
20110809,2147.0
20110808,2172.0
20110807,2147.0
20110806,2148.0
20110803,2150.0
20110802,2134.0
20110801,2139.0
20110731,2142.0
20110730,2146.0
20110727,2153.0
20110726,2152.0
20110725,2166.0
20110724,2179.0
20110723,2266.0
20110720,2266.0
20110719,2266.0
20110718,2247.0
20110716,2226.0
20110713,2195.0
20110712,2166.0
20110711,2171.0
20110710,2170.0
20110709,2177.0
20110706,2178.0
20110705,2175.0
20110704,2178.0
20110703,2187.0
20110702,2205.0
20110629,2185.0
20110628,2148.0
20110627,2121.0
20110626,2201.0
20110625,2235.0
20110622,2260.0
20110621,2266.0
20110620,2241.0
20110619,2178.0
20110618,2189.0
20110615,2161.0
20110614,2165.0
20110613,2169.0
20110612,2183.0
20110611,2185.0
20110608,2193.0
20110607,2190.0
20110606,2191.0
20110601,2174.0
20110531,2178.0
20110530,2187.0
20110529,2123.0
20110528,2194.0
20110525,2215.0
20110524,2259.0
20110523,2270.0
20110522,2270.0
20110521,2287.0
20110518,2297.0
20110517,2300.0
20110516,2307.0
20110515,2342.0
20110514,2354.0
20110511,2297.0
20110510,2270.0
20110509,2200.0
20110508,2168.0
20110504,2200.0
20110503,2185.0
20110502,2185.0
20110501,2102.0
20110430,2110.0
20110427,2197.0
20110426,2218.0
20110425,2224.0
20110424,2232.0
20110423,2246.0
20110420,2229.0
20110419,2202.0
20110418,2230.0
20110417,2316.0
20110416,2375.0
20110413,2293.0
20110412,2205.0
20110411,2134.0
20110410,2137.0
20110409,2179.0
20110406,2181.0
20110405,2150.0
20110404,2170.0
20110403,2176.0
20110330,2191.0
20110329,2206.0
20110328,2228.0
20110327,2214.0
20110326,2132.0
20110319,2082.0
20110316,2052.0
20110315,2037.0
20110314,2052.0
20110313,2049.0
20110312,2039.0
20110309,2052.0
20110308,2059.0
20110307,2061.0
20110306,2064.0
20110305,2061.0
20110302,2045.0
20110301,2043.0
20110228,2057.0
20110227,2106.0
20110226,2112.0
20110223,2089.0
20110222,2098.0
20110220,2037.0
20110219,2052.0
20110216,2061.0
20110215,2072.0
20110214,2134.0
20110213,2182.0
20110212,2182.0
20110209,2171.0
20110208,2128.0
20110207,2146.0
20110206,2069.0
20110205,2025.0
20110201,2002.0
20110131,1993.0
20110130,1993.0
20110129,1991.0
20110126,1985.0
20110124,1992.0
20110123,2023.0
20110122,1951.0
20110119,1876.0
20110118,1810.0
20110117,1816.0
20110116,1822.0
20110115,1808.0
20110112,1824.0
20110111,1825.0
20110110,1830.0
20110109,1834.0
20110108,1830.0
20110105,1822.0
20110104,1808.0
20110103,1804.0
20110102,1802.0
20110101,1800.0
20101229,1825.0
20101228,1827.0
20101227,1827.0
20101226,1845.0
20101225,1847.0
20101222,1849.0
20101221,1852.0
20101220,1861.0
20101219,1869.0
20101218,1872.0
20101214,1874.0
20101213,1874.0
20101212,1876.0
20101211,1876.0
20101208,1875.0
20101207,1875.0
20101206,1875.0
20101205,1876.0
20101204,1877.0
20101201,1876.0
20101130,1870.0
20101129,1865.0
20101128,1842.0
20101127,1818.0
20101124,1809.0
20101123,1804.0
20101122,1800.0
20101121,1789.0
20101120,1789.0
20101116,1789.0
20101115,1792.0
20101114,1796.0
20101113,1796.0
20101110,1795.0
20101109,1797.0
20101108,1797.0
20101107,1794.0
20101106,1791.0
20101103,1782.0
20101102,1780.0
20101101,1781.0
20101031,1786.0
20101030,1791.0
20101027,1792.0
20101026,1793.0
20101025,1799.0
20101024,1822.0
20101023,1840.0
20101020,1842.0
20101019,1844.0
20101018,1888.0
20101017,1855.0
20101016,1845.0
20101013,1781.0
20101012,1833.0
20101011,1887.0
20101010,1852.0
20101009,1921.0
20101006,1952.0
20101005,1885.0
20101003,1868.0
20101002,1797.0
20100929,1740.0
20100928,1707.0
20100927,1702.0
20100926,1693.0
20100925,1684.0
20100922,1681.0
20100921,1678.0
20100920,1682.0
20100919,1696.0
20100918,1734.0
20100915,1733.0
20100914,1713.0
20100913,1707.0
20100912,1708.0
20100908,1711.0
20100907,1715.0
20100906,1726.0
20100905,1742.0
20100904,1746.0
20100831,1711.0
20100830,1722.0
20100829,1700.0
20100828,1658.0
20100825,1643.0
20100824,1647.0
20100823,1664.0
20100822,1657.0
20100821,1683.0
20100818,1654.0
20100817,1594.0
20100816,1573.0
20100815,1569.0
20100814,1582.0
20100811,1539.0
20100810,1480.0
20100809,1470.0
20100808,1466.0
20100807,1460.0
20100804,1460.0
20100803,1456.0
20100802,1457.0
20100801,1461.0
20100731,1477.0
20100728,1427.0
20100726,1345.0
20100725,1345.0
20100724,1663.0
20100721,1663.0
20100720,1663.0
20100719,1663.0
20100718,1663.0
20100717,1663.0
20100714,1663.0
20100713,1663.0
20100712,1663.0
20100711,1663.0
20100707,1663.0
20100706,1629.0
20100705,1625.0
20100704,1624.0
20100703,1623.0
20100630,1620.0
20100629,1618.0
20100628,1622.0
20100627,1633.0
20100623,1633.0
20100622,1614.0
20100621,1585.0
20100620,1556.0
20100619,1544.0
20100616,1598.0
20100615,1599.0
20100614,1599.0
20100613,1599.0
20100612,1599.0
20100609,1600.0
20100608,1610.0
20100607,1610.0
20100606,1610.0
20100602,1609.0
20100601,1608.0
20100531,1600.0
20100530,1618.0
20100529,1619.0
20100526,1659.0
20100525,1671.0
20100524,1672.0
20100523,1730.0
20100522,1649.0
20100519,1649.0
20100518,1649.0
20100516,1649.0
20100515,1649.0
20100512,1649.0
20100511,1662.0
20100510,1635.0
20100509,1620.0
20100508,1570.0
20100505,1561.0
20100504,1555.0
20100503,1552.0
20100502,1546.0
20100501,1548.0
20100428,1549.0
20100427,1498.0
20100426,1453.0
20100425,1454.0
20100424,1451.0
20100421,1485.0
20100420,1487.0
20100419,1490.0
20100418,1475.0
20100417,1491.0
20100414,1497.0
20100413,1525.0
20100412,1544.0
20100411,1588.0
20100410,1535.0
20100407,1486.0
20100406,1440.0
20100405,1426.0
20100404,1427.0
20100403,1380.0
20100331,1374.0
20100330,1373.0
20100329,1368.0
20100328,1366.0
20100327,1365.0
20100317,1365.0
20100316,1365.0
20100315,1366.0
20100314,1367.0
20100313,1369.0
20100310,1371.0
20100309,1377.0
20100308,1379.0
20100307,1381.0
20100306,1381.0
20100303,1361.0
20100302,1358.0
20100301,1349.0
20100228,1304.0
20100227,1303.0
20100224,1297.0
20100223,1296.0
20100222,1283.0
20100221,1281.0
20100220,1265.0
20100217,1265.0
20100216,1265.0
20100214,1253.0
20100210,1253.0
20100209,1254.0
20100208,1255.0
20100207,1256.0
20100206,1257.0
20100203,1264.0
20100202,1266.0
20100201,1266.0
20100131,1268.0
20100130,1242.0
20100127,1243.0
20100126,1244.0
20100125,1260.0
20100124,1228.0
20100123,1218.0
20100120,1211.0
20100119,1210.0
20100118,1210.0
20100117,1206.0
20100116,1202.0
20100113,1201.0
20100112,1202.0
20100111,1202.0
20100110,1201.0
20100109,1200.0
20100106,1200.0
20100105,1200.0
20100104,1219.0
20100103,1233.0
20100102,1244.0
20091230,1251.0
20091229,1256.0
20091228,1261.0
20091223,1262.0
20091222,1263.0
20091221,1266.0
20091220,1269.0
20091219,1270.0
20091216,1283.0
20091215,1292.0
20091214,1294.0
20091213,1296.0
20091212,1297.0
20091209,1299.0
20091208,1302.0
20091207,1312.0
20091205,1313.0
20091202,1315.0
20091201,1317.0
20091130,1319.0
20091129,1320.0
20091125,1321.0
20091124,1322.0
20091123,1323.0
20091122,1326.0
20091121,1345.0
20091118,1345.0
20091117,1345.0
20091116,1345.0
20091115,1345.0
20091114,1345.0
20091111,1345.0
20091110,1346.0
20091109,1346.0
20091108,1348.0
20091107,1348.0
20091104,1396.0
20091103,1397.0
20091102,1398.0
20091101,1404.0
20091031,1365.0
20091028,1326.0
20091027,1289.0
20091026,1268.0
20091025,1232.0
20091024,1198.0
20091021,1194.0
20091020,1191.0
20091019,1175.0
20091018,1168.0
20091017,1167.0
20091013,1165.0
20091012,1163.0
20091011,1179.0
20091010,1179.0
20091007,1165.0
20091006,1159.0
20091005,1151.0
20091004,1151.0
20091003,1152.0
20090930,1156.0
20090929,1158.0
20090928,1131.0
20090927,1100.0
20090926,1070.0
20090923,1056.0
20090922,1050.0
20090921,1050.0
20090920,1050.0
20090919,1050.0
20090916,1050.0
20090915,1050.0
20090914,1050.0
20090913,1050.0
20090912,1049.0
20090909,1049.0
20090908,1049.0
20090907,1049.0
20090906,1049.0
20090905,1049.0
20090902,1049.0
20090901,1050.0
20090831,1050.0
20090830,1051.0
20090829,1051.0
20090826,1051.0
20090825,1052.0
20090824,1051.0
20090823,1051.0
20090822,1051.0
20090819,1050.0
20090818,1050.0
20090817,1050.0
20090816,1050.0
20090815,1051.0
20090812,1050.0
20090811,1049.0
20090810,1051.0
20090809,1051.0
20090808,1053.0
20090805,1052.0
20090804,1051.0
20090803,1051.0
20090802,1051.0
20090801,1051.0
20090729,1050.0
20090728,1050.0
20090727,1050.0
20090726,1058.0
20090725,1027.0
20090722,1197.0
20090721,1197.0
20090719,1197.0
20090718,1197.0
20090715,1197.0
20090714,1196.0
20090713,1193.0
20090712,1191.0
20090711,1190.0
20090707,1189.0
20090705,1188.0
20090704,1187.0
20090701,1186.0
20090630,1185.0
20090629,1185.0
20090628,1183.0
20090627,1189.0
20090624,1185.0
20090623,1166.0
20090622,1157.0
20090621,1152.0
20090620,1151.0
20090617,1148.0
20090616,1143.0
20090615,1136.0
20090614,1139.0
20090613,1170.0
20090610,1175.0
20090609,1174.0
20090608,1174.0
20090607,1174.0
20090606,1175.0
20090603,1180.0
20090602,1181.0
20090601,1184.0
20090531,1187.0
20090530,1188.0
20090527,1186.0
20090526,1180.0
20090525,1183.0
20090524,1183.0
20090523,1183.0
20090520,1183.0
20090519,1183.0
20090518,1177.0
20090517,1156.0
20090516,1162.0
20090513,1170.0
20090512,1190.0
20090511,1192.0
20090510,1168.0
20090509,1158.0
20090506,1135.0
20090505,1110.0
20090504,1106.0
20090503,1112.0
20090502,1118.0
20090429,1122.0
20090428,1124.0
20090427,1123.0
20090426,1126.0
20090425,1129.0
20090422,1150.0
20090421,1150.0
20090420,1143.0
20090419,1114.0
20090418,1101.0
20090415,1097.0
20090414,1093.0
20090413,1090.0
20090412,1083.0
20090411,1091.0
20090408,1096.0
20090407,1098.0
20090406,1099.0
20090405,1110.0
20090404,1110.0
20090331,1105.0
20090330,1086.0
20090329,1080.0
20090328,1079.0
20090325,1065.0
20090318,1061.0
20090317,1061.0
20090316,1061.0
20090314,1061.0
20090311,1060.0
20090310,1060.0
20090309,1059.0
20090308,1058.0
20090307,1058.0
20090304,1055.0
20090303,1053.0
20090302,1050.0
20090301,1050.0
20090228,1055.0
20090225,1058.0
20090223,1061.0
20090222,1065.0
20090221,1050.0
20090218,1050.0
20090217,1000.0
20090215,1000.0
